Year,Material Code,Company,Material Name,Supplier Name,Manufacturer Name,PO Quantity,UOM,Net Price in USD,Historic Date,Latest Historic Net Price USD,Historic Supplier Name,Historic Manufacturer Name,Current Rate Total PO Value,Last Rate Total PO Value,Annual Net Saving in USD,% Age (Sav/Los),Mfg Status,Saving/Loss Impact
Aug-26,111000367,LAB,OLETH-2, COMMERCIAL QUIMICA MASSO,"COMERCIAL QUIMICA MASSÓ,SA",180,KG,27.26,11/06/2026 0:00,27.26, COMMERCIAL QUIMICA MASSO,"COMERCIAL QUIMICA MASSÓ,SA",4906.8,4906.8,$0 ,0,Same Mfg,No Change
Jul-26,111000340,LAB,"HG CAP SIZE-1, CAP BLUE-OP, BODY WHITE-O"," LONZA (THAILAND) CO., LT",Suzhou Capsugel Ltd.,10000,HND,0.205,12/02/2025 0:00,0.205," LONZA (THAILAND) CO., LT",Suzhou Capsugel Ltd.,2050,2050,$0 ,0,Same Mfg,No Change
Jul-26,111000359,LAB,IPRATROPIUM BROMIDE BP, AARTI PHARMALABS LIMITED,AARTI PHARMALABS LIMITED,1000,G,3,02/06/2026 0:00,3, AARTI PHARMALABS LIMITED,AARTI PHARMALABS LIMITED,3000,3000,$0 ,0,Same Mfg,No Change
Jul-26,111000210,LAB,ADAPALENE BP, BDR PHARMACEUTICALS INTE,VIRDEV INTERMEDIATES PVT. LTD,5000,G,2.25,03/03/2026 0:00,2.25, BDR PHARMACEUTICALS INTE,VIRDEV INTERMEDIATES PVT. LTD,11250,11250,$0 ,0,Same Mfg,No Change
Jul-26,111000285,LAB,TRETINOIN(MICRONIZED) USP, TAIZHOU BONA CHEMICAL CO,"TAIZHOU BONA CHEMICAL CO., LTD.",16000,G,0.685,03/04/2026 0:00,0.685, TAIZHOU BONA CHEMICAL CO,"TAIZHOU BONA CHEMICAL CO., LTD.",10960,10960,$0 ,0,Same Mfg,No Change
Aug-26,111000240,LAB,NYSTATIN BP, ANTIBIOTICE S.A.,ANTIBIOTICE S.A.,360,KG,247.6,02/03/2026 0:00,247.6, ANTIBIOTICE S.A.,ANTIBIOTICE S.A.,89136,89136,$0 ,0,Same Mfg,No Change
Jul-26,111000346,LAB,FAMCICLOVIR USP, TAIZHOU BONA CHEMICAL CO,"SHANGHAI PHARMA GROUP CHONGZHOU KONY PHARMACEUTICAL CO., LTD.",175,KG,334,03/04/2026 0:00,334, TAIZHOU BONA CHEMICAL CO,"SHANGHAI PHARMA GROUP CHONGZHOU KONY PHARMACEUTICAL CO., LTD.",58450,58450,$0 ,0,Same Mfg,No Change
Jul-26,111000286,LAB,THALIDOMIDE USP, CHANGZHOU PHARMACEUTICAL,CHANGZHOU PHARMACEUTICAL FACTORY,75,KG,450,03/04/2026 0:00,450, CHANGZHOU PHARMACEUTICAL,CHANGZHOU PHARMACEUTICAL FACTORY,33750,33750,$0 ,0,Same Mfg,No Change
Jul-26,111000314,LAB,DEXAMETHASONE (MICRONIZED) BP, TIANJIN TIANFA PHARMACEU,TIANJIN TIANYAO PHARMACEUTICALS (TIANJIN TAINFA PHARMACEUTICALS IMP. & EXP. CORP,2,KG,850,20/10/2025 0:00,850, TIANJIN TIANFA PHARMACEU,TIANJIN TIANYAO PHARMACEUTICALS (TIANJIN TAINFA PHARMACEUTICALS IMP. & EXP. CORP,1700,1700,$0 ,0,Same Mfg,No Change
Jul-26,111000304,LAB,COPOVIDONE (PLASDONE-S630) BP, STAR-TECH & JRS SPECIALT,"STAR-TECH & JRS SPECIALTY PRODUCTS CO.,LTD",1000,KG,18.5,02/06/2026 0:00,18.5, JRS PHARMA GMBH & CO. KG,"STAR-TECH & JRS SPECIALTY PRODUCTS CO.,LTD",18500,18500,$0 ,0,Same Mfg,No Change
Aug-26,111000141,LAB,PREGELATINIZED STARCH USP/NF, NISHCHEM INTERNATIONAL P,Roquette,1500,KG,6,14/05/2026 0:00,6, OPUS GLOBAL (FZE),Roquette,9000,9000,$0 ,0,Same Mfg,No Change
Aug-26,111000235,LAB,MOXIFLOXACIN HYDROCHLORIDE BP, ENALTEC LABS PRIVATE LIM,ENALTEC LABS PVT LTD,7000,G,0.3,05/03/2026 0:00,0.3, ENALTEC LABS PRIVATE LIM,ENALTEC LABS PVT LTD,2100,2100,$0 ,0,Same Mfg,No Change
Aug-26,111000281,LAB,TOBRAMYCIN  BASE USP, CHONGXING DAXIN PHARMACE,CHONGQING DAXIN PHARMACEUTICAL CO. LTD.,2000,G,1.45,03/04/2026 0:00,1.45, CHONGXING DAXIN PHARMACE,CHONGQING DAXIN PHARMACEUTICAL CO. LTD.,2900,2900,$0 ,0,Same Mfg,No Change
Aug-26,111000315,LAB,DIPHENHYDRAMINE HYDROCHLORIDE BP, Jiangxi Healthcare Impor,JIANGXI MEDICINES AND HEALTH PRODUCTS I/E CO. LTD,200,KG,13.5,02/06/2026 0:00,13.5, Jiangxi Healthcare Impor,JIANGXI MEDICINES AND HEALTH PRODUCTS I/E CO. LTD,2700,2700,$0 ,0,Same Mfg,No Change
Aug-26,111000222,LAB,LISINOPRIL DIHYDRATE USP, Zhejiang Huahai Pharmace,Zhejiang Huahai Pharmace,150,KG,250,18/09/2025 0:00,250, Zhejiang Huahai Pharmace,"ZHEJIANG HUAHAI PHARMACEUTICAL CO., LTD",37500,37500,$0 ,0,Same Mfg,No Change
Aug-26,111000288,LAB,TICAGRELOR, KOPRAN RESEARCH LABORATO,KOPRAN RESEARCH LABORATO,100,KG,255,19/06/2026 0:00,255, KOPRAN RESEARCH LABORATO,Kopran Research Laboratories,25500,25500,$0 ,0,Same Mfg,No Change
Aug-26,111000449,LAB,OTESECONAZOLE, ZHEJIANG TIANYU PHARMACE,ZHEJIANG TIANYU PHARMACE,50,KG,2700,26/03/2026 0:00,2700, ZHEJIANG TIANYU PHARMACE,"ZHEJIANG TIANYU PHARMACEUTICAL CO., LTD.",135000,135000,$0 ,0,Same Mfg,No Change
Aug-26,114000156,AHL,CRANBERRY EXTRACT(VACCINIUM MACROCARPON, OPEN MARKET,NATUREX,50,KG,60.40992449,18/05/2026 0:00,60.40992449, OPEN MARKET,NATUREX,3020.496224,3020.496224,$0 ,0,Same Mfg,No Change
Aug-26,111000450,LAB,"HG CAPS SIZE 1 CAP DARK BLUE, BODY WHITE", PHARMNOVA (PRIVATE) LIMI,PHARMNOVA PVT LTD,5000,HND,0.323624595,06/04/2026 0:00,0.323624595, PHARMNOVA (PRIVATE) LIMI,PHARMNOVA PVT LTD,1618.122977,1618.122977,$0 ,0,Same Mfg,No Change
Aug-26,111000188,LAB,PINEAPPLE 900 MS, STANDARD MANUFACTURING C,STANDARD MANUFACTURING C,10,L,9.836533621,18/06/2026 0:00,9.836533621, STANDARD MANUFACTURING C,"STANDARD MANUFACTURING COMPANY, PAKISTAN.",98.36533621,98.36533621,$0 ,0,Same Mfg,No Change
Aug-26,111000166,LAB,BENZYL ALCOHOL BP, MARTIN DOW SPECIALITIES,MERCK GERMANY.,50,L,24.52355268,17/06/2026 0:00,24.52355268, MARTIN DOW SPECIALITIES,MERCK GERMANY.,1226.177634,1226.177634,$0 ,0,Same Mfg,No Change
Jul-26,111000166,LAB,BENZYL ALCOHOL BP, MARTIN DOW SPECIALITIES,MERCK GERMANY.,50,L,24.52355268,17/06/2026 0:00,24.52355268, MARTIN DOW SPECIALITIES,MERCK GERMANY.,1226.177634,1226.177634,$0 ,0,Same Mfg,No Change
Jul-26,111000018,LAB,ANISE OIL BP, STANDARD MANUFACTURING C,STANDARD MANUFACTURING C,10,L,24.63588637,29/05/2026 0:00,24.63588637, STANDARD MANUFACTURING C,"STANDARD MANUFACTURING COMPANY, PAKISTAN.",246.3588637,246.3588637,$0 ,0,Same Mfg,No Change
Jul-26,111000168,LAB,BULGARIAN ROSE EF MS, STANDARD MANUFACTURING C,STANDARD MANUFACTURING C,100,L,26.59723121,29/05/2026 0:00,26.59723121, STANDARD MANUFACTURING C,"STANDARD MANUFACTURING COMPANY, PAKISTAN.",2659.723121,2659.723121,$0 ,0,Same Mfg,No Change
Jul-26,114000053,AHL,POTASSIUM SORBATE BP, UNITED CHEMICAL CORPORAT,JINNENG SCIENCE AND TECHNOLOGY CO. LTD,25,KG,2.660913341,12/06/2026 0:00,2.660913341, HAAMEEM,JINNENG SCIENCE AND TECHNOLOGY CO. LTD,66.52283351,66.52283351,$0 ,0,Same Mfg,No Change
Jul-26,114000044,AHL,MALTODEXTRIN BP, MEHRAN TRADERS,"ZHONGBAO CHEMICALS, CHINA",100,KG,1.402373247,01/07/2025 0:00,1.402373247, MEHRAN TRADERS,"ZHONGBAO CHEMICALS, CHINA",140.2373247,140.2373247,$0 ,0,Same Mfg,No Change
Jul-26,114000038,AHL,LIGHT LIQUID PARAFFIN BP, BROTHERS ENTERPRISES (PV,MICHANG,1020,KG,2.517080187,18/06/2026 0:00,2.517080187, BROTHERS ENTERPRISES (PV,MICHANG,2567.421791,2567.421791,$0 ,0,Same Mfg,No Change
Jul-26,114000101,AHL,HARD PARAFFIN, BIOINVENTIA,NIPPON SEIRO CO LTD,28,KG,2.876663071,18/06/2026 0:00,2.876663071, BIOINVENTIA,NIPPON SEIRO CO LTD,80.54656598,80.54656598,$0 ,0,Same Mfg,No Change
Jul-26,114000079,AHL,POLYSORBATE 80(TWEEN 80)USP/NF/BP, A.M.YOUSUF & CO.,CRODA SINGAPORE PTE LTD,50,KG,5.843221863,18/06/2026 0:00,5.843221863, A.M.YOUSUF & CO.,CRODA SINGAPORE PTE LTD,292.1610931,292.1610931,$0 ,0,Same Mfg,No Change
Jul-26,114000085,AHL,CETOMACROGOL 1000 BP 98, A.M.YOUSUF & CO.,"CRODA CHEMICALS, SINGAPORE.",750,KG,10.78748652,18/06/2026 0:00,10.78748652, A.M.YOUSUF & CO.,"CRODA CHEMICALS, SINGAPORE.",8090.614887,8090.614887,$0 ,0,Same Mfg,No Change
Jul-26,114000143,AHL,ALOE VERA GEL, N.F.K. ASSOCIATES,"HERBAL EXTRACT CO, KARACHI",25,KG,14.29341963,07/01/2026 0:00,14.29341963, N.F.K. ASSOCIATES,"HERBAL EXTRACT CO, KARACHI",357.3354908,357.3354908,$0 ,0,Same Mfg,No Change
Jul-26,114000061,AHL,XANTHAN GUM BP/USP, BROTHERS ENTERPRISES (PV,"JUNG BUNZLAVER, AUSTRIA.",25,KG,19.39230493,01/11/2024 0:00,19.39230493, BROTHERS ENTERPRISES (PV,"JUNG BUNZLAVER, AUSTRIA.",484.8076232,484.8076232,$0 ,0,Same Mfg,No Change
Jul-26,114000152,AHL,IVY LEAF POWDER EXTRACT, HERBION PAKISTAN (PVT) L,HERBION PAKISTAN PVT) LTD,80,KG,50.34160374,29/12/2025 0:00,50.34160374, HERBION PAKISTAN (PVT) L,HERBION PAKISTAN PVT) LTD,4027.328299,4027.328299,$0 ,0,Same Mfg,No Change
Jul-26,114000142,AHL,ALLANTOIN, INTERNATIONAL TRADING CO,ZHONGSHANG CHEMICAL CO. LTD.,25,KG,7.191657677,27/02/2026 0:00,7.191657677, INTERNATIONAL TRADING CO,ZHONGSHANG CHEMICAL CO. LTD.,179.7914419,179.7914419,$0 ,0,Same Mfg,No Change
Jul-26,111000024,LAB,WHITE SOFT PARAFFIN BP, BIOINVENTIA,ROSE POLYMER IRAN.,31675,KG,2.157497303,12/06/2026 0:00,2.157497303, BIOINVENTIA,ROSE POLYMER IRAN.,68338.72708,68338.72708,$0 ,0,Same Mfg,No Change
Aug-26,111000007,LAB,LIQUID GLUCOSE USP/NF, RAFHAN MAIZE PRODUCTS CO,RAFHAN MAIZE PRODUCTS CO,15600,KG,0.780942107,16/04/2026 0:00,0.780942107, RAFHAN MAIZE PRODUCTS CO,"RAFHAN MAIZE PRODUCTS, PAKISTAN",12182.69687,12182.69687,$0 ,0,Same Mfg,No Change
Aug-26,111000007,LAB,LIQUID GLUCOSE USP/NF, RAFHAN MAIZE PRODUCTS CO,RAFHAN MAIZE PRODUCTS CO,22800,KG,0.780942107,16/04/2026 0:00,0.780942107, RAFHAN MAIZE PRODUCTS CO,"RAFHAN MAIZE PRODUCTS, PAKISTAN",17805.48004,17805.48004,$0 ,0,Same Mfg,No Change
Aug-26,111000157,LAB,STEARYL ALCOHOL BP, A.M.YOUSUF & CO.,Edenor Technology,120,KG,2.876663071,17/02/2026 0:00,2.876663071, A.M.YOUSUF & CO.,Edenor Technology,345.1995685,345.1995685,$0 ,0,Same Mfg,No Change
Aug-26,111000093,LAB,GLYCERYL MONOSTEARATE USP/NF, A.M.YOUSUF & CO.,"OLEOFINE ORGANICS SDN. BHD, MALAYSIA",1500,KG,3.056454513,18/06/2026 0:00,3.056454513, A.M.YOUSUF & CO.,"OLEOFINE ORGANICS SDN. BHD, MALAYSIA",4584.681769,4584.681769,$0 ,0,Same Mfg,No Change
Jul-26,111000093,LAB,GLYCERYL MONOSTEARATE USP/NF, A.M.YOUSUF & CO.,"OLEOFINE ORGANICS SDN. BHD, MALAYSIA",1000,KG,3.056454513,18/06/2026 0:00,3.056454513, A.M.YOUSUF & CO.,"OLEOFINE ORGANICS SDN. BHD, MALAYSIA",3056.454513,3056.454513,$0 ,0,Same Mfg,No Change
Aug-26,111000100,LAB,ISOPROPYL MYRISTATE BP, SABCON CHEMICALS,SURIACHEM SDN BHD,700,KG,5.753326142,12/06/2026 0:00,5.753326142, SABCON CHEMICALS,SURIACHEM SDN BHD,4027.328299,4027.328299,$0 ,0,Same Mfg,No Change
Aug-26,111000100,LAB,ISOPROPYL MYRISTATE BP, SABCON CHEMICALS,SURIACHEM SDN BHD,2100,KG,5.753326142,12/06/2026 0:00,5.753326142, SABCON CHEMICALS,SURIACHEM SDN BHD,12081.9849,12081.9849,$0 ,0,Same Mfg,No Change
Aug-26,111000195,LAB,FORMALDEHYDE SOLUTION 37% USP, MUSAJI ADAM & SONS,SCHARLAB S.L.,100,KG,10.78748652,15/01/2026 0:00,10.78748652, MUSAJI ADAM & SONS,SCHARLAB S.L.,1078.748652,1078.748652,$0 ,0,Same Mfg,No Change
Jul-26,111000195,LAB,FORMALDEHYDE SOLUTION 37% USP, MUSAJI ADAM & SONS,SCHARLAB S.L.,100,KG,10.78748652,15/01/2026 0:00,10.78748652, MUSAJI ADAM & SONS,SCHARLAB S.L.,1078.748652,1078.748652,$0 ,0,Same Mfg,No Change
Aug-26,111000138,LAB,POLYQUARTERNIUM 44(POLYQ 44), COSMATEC,O-BASF,240,KG,11.96116505,11/06/2026 0:00,11.96116505, COSMATEC,O-BASF,2870.679612,2870.679612,$0 ,0,Same Mfg,No Change
Aug-26,111000156,LAB,ANHYDROUS SODIUM SULPHITE BP, MARTIN DOW SPECIALITIES,MERCK GERMANY.,25,KG,15.10248112,09/04/2026 0:00,15.10248112, MARTIN DOW SPECIALITIES,MERCK GERMANY.,377.562028,377.562028,$0 ,0,Same Mfg,No Change
Aug-26,111000061,LAB,BUTYLATED HYDROXYTOLUENE BP, MARTIN DOW SPECIALITIES,MERCK GERMANY.,20,KG,84.57389428,16/04/2026 0:00,84.57389428, MARTIN DOW SPECIALITIES,MERCK GERMANY.,1691.477886,1691.477886,$0 ,0,Same Mfg,No Change
Jul-26,111000061,LAB,BUTYLATED HYDROXYTOLUENE BP, MARTIN DOW SPECIALITIES,MERCK GERMANY.,20,KG,84.57389428,16/04/2026 0:00,84.57389428, MARTIN DOW SPECIALITIES,MERCK GERMANY.,1691.477886,1691.477886,$0 ,0,Same Mfg,No Change
Aug-26,111000081,LAB,DISODIUM EDETATE BP, S.S. SCIENTIFIC SYSTEM,"SIGMA ALDRICH, GERMANY",100,KG,26.41136282,18/06/2026 0:00,26.41136282, S.S. SCIENTIFIC SYSTEM,"SIGMA ALDRICH, GERMANY",2641.136282,2641.136282,$0 ,0,Same Mfg,No Change
Jul-26,111000161,LAB,SPRAY DRIED LACTOSE (SUPER TAB), TOSS ENTERPRISES,"DFE PHARMA, GERMANY (DMV Fonterra Excipients Gmbh& Co. Goch Germany)",500,KG,7.191657677,26/12/2025 0:00,7.191657677, TOSS ENTERPRISES,"DFE PHARMA, GERMANY (DMV Fonterra Excipients Gmbh& Co. Goch Germany)",3595.828839,3595.828839,$0 ,0,Same Mfg,No Change
Jul-26,111000099,LAB,ISOPROPYL ALCOHOL BP, MARS CHEMICALS (PRIVATE),LCY CHEMICAL (LEE CHANG YUNG TAIWAN.),10000,KG,1.776339446,12/06/2026 0:00,1.776339446, MARS CHEMICALS (PRIVATE),LCY CHEMICAL (LEE CHANG YUNG TAIWAN.),17763.39446,17763.39446,$0 ,0,Same Mfg,No Change
Jul-26,111000155,LAB,SULFUR BP, CHEM TECH PAKISTAN,MERCK GERMANY,500,KG,17.25997843,12/06/2026 0:00,17.25997843, CHEM TECH PAKISTAN,MERCK GERMANY,8629.989213,8629.989213,$0 ,0,Same Mfg,No Change
Jul-26,111000197,LAB,GLYCINE BP, MARTIN DOW SPECIALITIES,MERCK,10,KG,68.32074793,12/06/2026 0:00,68.32074793, MARTIN DOW MARKER SPECIA,MERCK,683.2074793,683.2074793,$0 ,0,Same Mfg,No Change
Jul-26,111000079,LAB,DEXTROSE MONOHYDRATE USP, RAFHAN MAIZE PRODUCTS CO,RAFHAN MAIZE PRODUCTS CO,75,KG,1.016900396,16/04/2026 0:00,1.016900396, RAFHAN MAIZE PRODUCTS CO,RAFHAN MAIZE PRODUCTS CO LTD,76.26752967,76.26752967,$0 ,0,Same Mfg,No Change
Jul-26,111000092,LAB,GLYCEROL BP, KOHINOOR SOAP & DETERGEN,KOHINOOR SOAP & DETERGEN,16000,KG,1.258540093,29/05/2026 0:00,1.258540093, KOHINOOR SOAP & DETERGEN,KOHINOOR SOAP & DETERGENT PVT LTD,20136.6415,20136.6415,$0 ,0,Same Mfg,No Change
Jul-26,111000056,LAB,POLYSORBATE 80(TWEEN 80)USP/NF/BP, A.M.YOUSUF & CO.,CRODA SINGAPORE PTE LTD,400,KG,5.843221863,12/06/2026 0:00,5.843221863, A.M.YOUSUF & CO.,CRODA SINGAPORE PTE LTD,2337.288745,2337.288745,$0 ,0,Same Mfg,No Change
Jul-26,111000033,LAB,POLYSORBATE 20 (TWEEN 20), A.M.YOUSUF & CO.,CRODA SINGAPORE PTE LTD,400,KG,5.933117584,17/06/2026 0:00,5.933117584, A.M.YOUSUF & CO.,CRODA SINGAPORE PTE LTD,2373.247033,2373.247033,$0 ,0,Same Mfg,No Change
Jul-26,111000033,LAB,POLYSORBATE 20 (TWEEN 20), A.M.YOUSUF & CO.,CRODA SINGAPORE PTE LTD,600,KG,5.933117584,17/06/2026 0:00,5.933117584, A.M.YOUSUF & CO.,CRODA SINGAPORE PTE LTD,3559.87055,3559.87055,$0 ,0,Same Mfg,No Change
Jul-26,111000038,LAB,CARBOXYMETHYLCELULOSE SODIUM MED VISC GR, MEHRAN TRADERS,DAICEL CHEMICALS JAPAN.,75,KG,9.528946422,12/06/2026 0:00,9.528946422, MEHRAN TRADERS,DAICEL CHEMICALS JAPAN.,714.6709817,714.6709817,$0 ,0,Same Mfg,No Change
Jul-26,111000000,LAB,COLLOIDAL SILICON DIOXIDE USP/NF, BROTHERS ENTERPRISES (PV,EVONIC INDUSTRIES,400,KG,10.40273283,18/06/2026 0:00,10.40273283, BROTHERS ENTERPRISES (PV,EVONIC INDUSTRIES,4161.093132,4161.093132,$0 ,0,Same Mfg,No Change
Jul-26,111000067,LAB,CETOMACROGOL 1000 BP 98, A.M.YOUSUF & CO.,"CRODA CHEMICALS, SINGAPORE.",2000,KG,10.78748652,18/06/2026 0:00,10.78748652, A.M.YOUSUF & CO.,"CRODA CHEMICALS, SINGAPORE.",21574.97303,21574.97303,$0 ,0,Same Mfg,No Change
Jul-26,111000148,LAB,SODIUM HYDROXIDE BP, J.K. ENTERPRISES,HONEYWELL SPECIALITY CHEMICALS SEELZE GMBH,50,KG,12.58540093,18/06/2026 0:00,12.58540093, J.K. ENTERPRISES,HONEYWELL SPECIALITY CHEMICALS SEELZE GMBH,629.2700467,629.2700467,$0 ,0,Same Mfg,No Change
Jul-26,111000163,LAB,TRIBASIC SODIUM PHOSPHATE DODECAHYDRATE, S.S. SCIENTIFIC SYSTEM,SIGMA ALDRICH,2,KG,28.76663071,16/05/2025 0:00,28.76663071, S.S. SCIENTIFIC SYSTEM,SIGMA ALDRICH,57.53326142,57.53326142,$0 ,0,Same Mfg,No Change
Jul-26,111000086,LAB,ERYTHROSINE RED LAKE (CI 45430:1) MS, MOBIN BASHIR,"NEELIKON FOOD DYES & CHEMICAL, INDIA",75,KG,78.62279755,12/06/2026 0:00,78.62279755, MOBIN BASHIR,"NEELIKON FOOD DYES & CHEMICAL, INDIA",5896.709817,5896.709817,$0 ,0,Same Mfg,No Change
Jul-26,111000044,LAB,SUCROSE BP, HABIB SUGAR MILLS LIMITE,HABIB SUGAR MILLS LTD,20000,KG,0.622078389,24/03/2026 0:00,0.622078389, HABIB SUGAR MILLS LIMITE,HABIB SUGAR MILLS LTD,12441.56778,12441.56778,$0 ,0,Same Mfg,No Change
Jul-26,111000044,LAB,SUCROSE BP, HABIB SUGAR MILLS LIMITE,HABIB SUGAR MILLS LTD,20000,KG,0.622078389,24/03/2026 0:00,0.622078389, HABIB SUGAR MILLS LIMITE,HABIB SUGAR MILLS LTD,12441.56778,12441.56778,$0 ,0,Same Mfg,No Change
Jul-26,111000044,LAB,SUCROSE BP, HABIB SUGAR MILLS LIMITE,HABIB SUGAR MILLS LTD,20000,KG,0.622078389,24/03/2026 0:00,0.622078389, HABIB SUGAR MILLS LIMITE,HABIB SUGAR MILLS LTD,12441.56778,12441.56778,$0 ,0,Same Mfg,No Change
Jul-26,111000044,LAB,SUCROSE BP, HABIB SUGAR MILLS LIMITE,HABIB SUGAR MILLS LTD,20000,KG,0.622078389,24/03/2026 0:00,0.622078389, HABIB SUGAR MILLS LIMITE,HABIB SUGAR MILLS LTD,12441.56778,12441.56778,$0 ,0,Same Mfg,No Change
Jul-26,111000028,LAB,PROPYLENE GLYCOL BP, BROTHERS ENTERPRISES (PV,DOW CHEMICAL PACIFIC PVT LTD,8200,KG,4.160373966,13/05/2026 0:00,4.160373966, BROTHERS ENTERPRISES (PV,DOW CHEMICAL PACIFIC PVT LTD,34115.06652,34115.06652,$0 ,0,Same Mfg,No Change
Aug-26,111000107,LAB,OPADRY II YELLOW (85G32558), COLORCON LIMITED.,COLORCON LIMITED.,25,KG,63.97,18/02/2026 0:00,63.97, COLORCON LIMITED.,"COLORCON LIMITED,UK",1599.25,1599.25,$0 ,0,Diff Mfg,No Change
Aug-26,111000253,LAB,POLYMYXIN B SULPHATE BP, TAIZHOU BONA CHEMICAL CO,TAIZHOU BONA CHEMICAL CO,10000,G,1.35,02/06/2026 0:00,1.35, TAIZHOU BONA CHEMICAL CO,"HANGZHOU ZHONGMEI HUADONG PHARMACEUTICAL CO., LTD.",13500,13500,$0 ,0,Diff Mfg,No Change
Aug-26,111000014,LAB,MANNITOL BP, QINGDAO BRIGHT MOON SEAW,QINGDAO BRIGHT MOON SEAW,2000,KG,2.8,26/12/2025 0:00,2.8, QINGDAO BRIGHT MOON SEAW,QINGDAO BRIGHT.,5600,5600,$0 ,0,Diff Mfg,No Change
Aug-26,114000028,AHL,LEMON FLAVOR SC736612, ALLIED AXIOM CHEMICAL (P,ALLIED AXIOM CHEMICAL (P,40,KG,12.58540093,15/06/2026 0:00,12.58540093, ALLIED AXIOM CHEMICAL (P,ALLIED AXION CHEMICAL (PVT) LTD,503.4160374,503.4160374,$0 ,0,Diff Mfg,No Change
Aug-26,111000131,LAB,OIL OF SWEET ORANGE 3720 MS, STANDARD MANUFACTURING C,STANDARD MANUFACTURING C,60,L,21.51553398,29/05/2026 0:00,21.51553398, STANDARD MANUFACTURING C,S.M.C PAKISTAN,1290.932039,1290.932039,$0 ,0,Diff Mfg,No Change
Aug-26,111000030,LAB,PERFUME APPLE MS, STANDARD MANUFACTURING C,STANDARD MANUFACTURING C,150,KG,14.8587918,29/05/2026 0:00,14.8587918, STANDARD MANUFACTURING C,S.M.C PAKISTAN,2228.81877,2228.81877,$0 ,0,Diff Mfg,No Change
Jul-26,111000337,LAB,"HG CAPSULES SZ=2,CAPS ORCHID BODY(WHITE)"," LONZA (THAILAND) CO., LT",SUZHOU CAPSUGEL LTD,11854,HND,0.02,12/02/2025 0:00,0.195," LONZA (THAILAND) CO., LT",SUZHOU CAPSUGEL LTD,237.08,2311.53,"$2,074 ",89.74358974,Same Mfg,Positive
Aug-26,111000362,LAB,IVABRADINE HCL MS, SHANDONG ZHIYE IMPORT AN,ZHEJIANG LIAOYUAN PHARMACEUTICAL CO LTD,2000,G,2.5,14/01/2026 0:00,2.49, SHANDONG ZHIYE IMPORT AN,ZHEJIANG LIAOYUAN PHARMACEUTICAL CO LTD,5000,4980,($20),-0.401606426,Same Mfg,Negative
Jul-26,111000362,LAB,IVABRADINE HCL MS, BEIJING HUANUO BOKANG IM,Fuxin Long Rui Pharmaceutical Ltd,2000,G,2.5,14/01/2026 0:00,2.49, SHANDONG ZHIYE IMPORT AN,ZHEJIANG LIAOYUAN PHARMACEUTICAL CO LTD,5000,4980,($20),-0.401606426,Diff Mfg,Negative
Aug-26,111000359,LAB,IPRATROPIUM BROMIDE BP, AARTI PHARMALABS LIMITED,AARTI PHARMALABS LIMITED,3125,G,2.9,02/06/2026 0:00,3, AARTI PHARMALABS LIMITED,AARTI PHARMALABS LIMITED,9062.5,9375,$313 ,3.333333333,Same Mfg,Positive
Jul-26,111000242,LAB,NOREPINEPHRINE BITARTRATE USP, SHAOXING HANTAI PHARMACE,WUHAN WUYAO PHARMACEUTICAL CO. LTD.,3300,G,2.65,16/09/2025 0:00,2.8, SHAOXING HANTAI PHARMACE,WUHAN WUYAO PHARMACEUTICAL CO. LTD.,8745,9240,$495 ,5.357142857,Same Mfg,Positive
Jul-26,111000236,LAB,MILRINONE USP, SHAOXING HANTAI PHARMACE,LUNAN BETTER PHARMACEUTICAL CO. LTD.,850,G,6.38,16/09/2025 0:00,6.4, SHAOXING HANTAI PHARMACE,LUNAN BETTER PHARMACEUTICAL CO. LTD.,5423,5440,$17 ,0.3125,Same Mfg,Positive
Aug-26,111000247,LAB,OPADRY ENTERIC YELLOW 94S52698 MS, COLORCON LIMITED.,COLORCON LIMITED.,125,KG,184.46,02/06/2026 0:00,187.8, COLORCON LIMITED.,"COLORCON LIMITED,UK",23057.5,23475,$418 ,1.778487753,Diff Mfg,Positive
Jul-26,111000313,LAB,DIOCTAHEDRAL SMECTITE, MAYOLY PHARMA FRANCE.,Mayoly industrie,5250,KG,10.842,09/06/2026 0:00,10.84, MAYOLY PHARMA FRANCE.,Mayoly industrie,56920.5,56910,($11),-0.018450185,Same Mfg,Negative
Jul-26,111000313,LAB,DIOCTAHEDRAL SMECTITE, MAYOLY PHARMA FRANCE.,Mayoly industrie,10500,KG,10.842,09/06/2026 0:00,10.84, MAYOLY PHARMA FRANCE.,Mayoly industrie,113841,113820,($21),-0.018450185,Same Mfg,Negative
Jul-26,111000221,LAB,LACTOSE ANHYDROUS 21 AN (DC GRADE USP/NF, DFE Pharma GmbH & Co. KG,DFE Pharma GmbH & Co. KG,7000,KG,6.4,02/06/2026 0:00,6.2, DFE Pharma GmbH & Co. KG,DFE PHARMA,44800,43400,"($1,400)",-3.225806452,Same Mfg,Negative
Jul-26,111000110,LAB,STEARIC ACID (MICRONIZED) USP/NF, INTERMED SDN BHD.,INTERMED SDN BHD. MALAYSIA.,3000,KG,4.36,03/04/2026 0:00,4.55, INTERMED SDN BHD.,INTERMED SDN BHD. MALAYSIA.,13080,13650,$570 ,4.175824176,Same Mfg,Positive
Jul-26,111000231,LAB,MICONAZOLE NITRATE USP, Hangzhou Innova Pharmace,JIANGSU NHWA PHARMACEUTICAL CO. LTD.,100,KG,48,02/06/2026 0:00,46.5, Hangzhou Innova Pharmace,JIANGSU NHWA PHARMACEUTICAL CO. LTD.,4800,4650,($150),-3.225806452,Same Mfg,Negative
Jul-26,111000339,LAB,EMPAGLIFLOZINE MS, BEIJING SINO HANSON IMPO,"FUXIN LONG RUI PHARMACEUTICAL CO., LTD",50,KG,175,03/03/2026 0:00,165, UNIVERSAL PHARMACEUTICAL,ZHEJIANG HONGYUAN PHARMACEUTICAL CO. LTD,8750,8250,($500),-6.060606061,Diff Mfg,Negative
Aug-26,111000106,LAB,OPADRY II RED (85F25467), COLORCON LIMITED.,COLORCON LIMITED.,25,KG,64.22,11/09/2025 0:00,62.35, COLORCON LIMITED.,"COLORCON LIMITED,UK",1605.5,1558.75,($47),-2.999198075,Diff Mfg,Negative
Aug-26,111000268,LAB,SALBUTAMOL SULPHATE BP, SUPRIYA LIFESCIENCE LTD.,SUPRIYA LIFESCIENCE LTD.,25,KG,140,25/02/2026 0:00,87, SUPRIYA LIFESCIENCE LTD.,SUPRIYA LIFESCIENCE LTD.,3500,2175,"($1,325)",-60.91954023,Same Mfg,Negative
Jul-26,111000022,LAB,OPADRY II GREEN 85G11948 MS, COLORCON LIMITED.,"COLORCON LIMITED,UK",25,KG,64.22,11/09/2025 0:00,62.35, COLORCON LIMITED.,"COLORCON LIMITED,UK",1605.5,1558.75,($47),-2.999198075,Same Mfg,Negative
Jul-26,111000368,LAB,BISOPROLOL FUMARATE USP, Sichuan Qingmu Pharmaceu,"SICHUAN QINGMU PHARMACEUTICAL CO., LTD.",25,KG,180,29/04/2026 0:00,230, Sichuan Qingmu Pharmaceu,"SICHUAN QINGMU PHARMACEUTICAL CO., LTD.",4500,5750,"$1,250 ",21.73913043,Same Mfg,Positive
Aug-26,111000368,LAB,BISOPROLOL FUMARATE USP, Sichuan Qingmu Pharmaceu,Sichuan Qingmu Pharmaceu,100,KG,180,29/04/2026 0:00,230, Sichuan Qingmu Pharmaceu,"SICHUAN QINGMU PHARMACEUTICAL CO., LTD.",18000,23000,"$5,000 ",21.73913043,Same Mfg,Positive
Aug-26,111000433,LAB,SHEFFCOAT PVA WHITE 5Y01440, ASHRA TRADING LLC FZ,Kerry Ingredients,125,KG,35,12/08/2025 0:00,3.2, ASHRA TRADING LLC FZ,Kerry Ingredients India Private Limited,4375,400,"($3,975)",-993.75,Same Mfg,Negative
Aug-26,121000023,LAB,ALU ALU Base Foil (Printed) 224 mm  ±1mm, NANTONG HUIDESENG PACKAG,NANTONG HUIDESENG PACKAG,2000,KG,5.35,02/04/2026 0:00,5, NANTONG HUIDESENG PACKAG,NANTONG HUIDESENG PACKAGING MATERIAL CO. LTD.,10700,10000,($700),-7,Same Mfg,Negative
Aug-26,111000259,LAB,PRALIDOXIME CHLORIDE USP, AVERY CHEMICAL (NANTONG),"HUBEI TEYER PHARMACEUTICAL CO., LTD.",10,KG,460,16/12/2025 0:00,650, HEER PHARMA PVT LTD,REDSON PHARMACEUTICAL / REXIN LABORATORIES LTD,4600,6500,"$1,900 ",29.23076923,Diff Mfg,Positive
Aug-26,111000259,LAB,PRALIDOXIME CHLORIDE USP, AVERY CHEMICAL (NANTONG),"HUBEI TEYER PHARMACEUTICAL CO., LTD.",22,KG,460,16/12/2025 0:00,650, HEER PHARMA PVT LTD,REDSON PHARMACEUTICAL / REXIN LABORATORIES LTD,10120,14300,"$4,180 ",29.23076923,Diff Mfg,Positive
Aug-26,111000297,LAB,BACITRACIN BP, XELLIA PHARMACEUTICALS L,XELLIA PHARMACEUTICALS L,100,KG,500,03/03/2026 0:00,610, XELLIA PHARMACEUTICALS L,XELLIA PHARMACEUTICALS Co. LTD,50000,61000,"$11,000 ",18.03278689,Same Mfg,Positive
Aug-26,111000237,LAB,MISOPROSTOL DISPERSION (1% W/W) USP, PIRAMAL HEALTHCARE UK LT,PIRAMAL HEALTHCARE UK LT,20,KG,830,03/06/2026 0:00,1150, PIRAMAL HEALTHCARE UK LT,PIRAMAL HEALTHCARE UK LTD.,16600,23000,"$6,400 ",27.82608696,Same Mfg,Positive
Aug-26,111000002,LAB,MICROCRYSTALLINE CELLULOSE (PH 101) BP, RETTENMAIER NATURAL FIBE,RETTENMAIER NATURAL FIBE,400,KG,3.05,07/11/2025 0:00,2.8, RETTENMAIER NATURAL FIBE,JRS PHARMA,1220,1120,($100),-8.928571429,Diff Mfg,Negative
Aug-26,111000045,LAB,SODIUM STARCH GLYCOLATE (TYPE A) BP, YUNG ZIP CHEMICAL IND. C,YUNG ZIP CHEMICAL IND. C,100,KG,9,06/07/2025 0:00,5.8, YUNG ZIP CHEMICAL IND. C,YUNG ZIP CHEMICAL IND. CO LTD.,900,580,($320),-55.17241379,Same Mfg,Negative
Aug-26,111000103,LAB,LIDOCAINE BP, GUFIC BIOSCIENCES LTD,GUFIC BIOSCIENCES LTD,400,KG,19,09/04/2026 0:00,15, SHANDONG CHENGHUISHUANGD,Shandong Chenghui Shuangda Pharmaceutical Co,7600,6000,"($1,600)",-26.66666667,Diff Mfg,Negative
Aug-26,111000224,LAB,LEVOFLOXACIN HEMIHYDRATE USP, ZHEJIANG EAST-ASIA PHARM,ZHEJIANG EAST ASIA PHARMA CO LTD,75,KG,45,14/01/2026 0:00,35, ZHEJIANG EAST-ASIA PHARM,ZHEJIANG EAST ASIA PHARMA CO LTD,3375,2625,($750),-28.57142857,Same Mfg,Negative
Aug-26,111000270,LAB,SUMATRIPTAN SUCCINATE BP, Syneregene Active Ingred,SYNERGENE ACTIVE INGREDIENTS PVT LTD,24,KG,285,03/03/2026 0:00,279, Syneregene Active Ingred,SYNERGENE ACTIVE INGREDIENTS PVT LTD,6840,6696,($144),-2.150537634,Same Mfg,Negative
Aug-26,111000318,LAB,DORZOLAMIDE HYDROCHLORIDE USP, SHANGHAI ZUOMING IMP. &,CHEMVON BIOTECHNOLOGY,25,KG,1400,30/01/2026 0:00,1600, PRECISE BIOPHARMA PVT LT,Precise Biopharma Pvt Ltd.,35000,40000,"$5,000 ",12.5,Diff Mfg,Positive
Jul-26,111000053,LAB,PURIFIED TALC BP, RANS INTL 1 LIMITED,NITIKA PHARMACEUTICAL SPECIALITIES PVT. LTD.,1500,KG,2.6,03/04/2026 0:00,4, NITIKA PHARMACEUTICAL SP,NITIKA PHARMACEUTICAL SPECIALITIES PVT. LTD.,3900,6000,"$2,100 ",35,Same Mfg,Positive
Jul-26,111000354,LAB,GLYCERYL TRINITRATE(DILU. NITROGLYCERIN, RANS INTL 1 LIMITED,CHIN CHEM,5000,KG,15.5,03/06/2026 0:00,16.5, MEDIST FZE,CHIN CHEM,77500,82500,"$5,000 ",6.060606061,Same Mfg,Positive
Jul-26,111000215,LAB,MICROCRYSTALLINE CELLULOSE (PH 112) BP, HONGKONG EYERIS COMPANY,JRS PHARMA-Rettenmaier natural fiber (Changzhou),9000,KG,3.7,02/04/2026 0:00,4.15, RETTENMAIER NATURAL FIBE,JRS PHARMA-Rettenmaier natural fiber (Changzhou),33300,37350,"$4,050 ",10.84337349,Same Mfg,Positive
Jul-26,114000113,AHL,METHYL SALICYLATE, FORTUNE COMPANY LTD,JQC (HUAYIN) PHARMACEUTICAL CO LTD,1000,KG,3.8,21/01/2026 0:00,4.15, UNI SOURCE INDUSTRIES LI,JQC (HUAYIN) PHARMACEUTICAL CO LTD,3800,4150,$350 ,8.43373494,Same Mfg,Positive
Jul-26,114000111,AHL,MYO-INOSITOL, Shaanxi Jiahe Phytochem,Shaanxi Jiahe Phytochem,2000,KG,6.75,03/10/2025 0:00,3.2, HANGZHOU ZHONGBAO IMPORT,HANGZHOU ZHONGBAO IMP & EXP Corp Ltd,13500,6400,"($7,100)",-110.9375,Diff Mfg,Negative
Jul-26,114000073,AHL,SUCRALOSE, CHIFENG EYERIS COMPANY L,SHANDONG KANBO,300,KG,14.25,,,,,4275,,,,No Historic Data,No Past Record
Jul-26,114000155,AHL,TURMERIC EXTRACT (CURCUMA LONG 95%), AL-CHEMIS CORP,ORGANIC HERB INC,1,KG,96.00862999,,,,,96.00862999,,,,No Historic Data,No Past Record
Jul-26,111000060,LAB,BUTYLATED HYDROXYANISOLE BP, SABCON CHEMICALS,DALIAN PANASIA LTD,20000,G,0.017979144,29/01/2024 0:00,0.020136641, SABCON CHEMICALS,SABCON CHEMICALS,359.5828839,402.7328299,$43 ,10.71428571,Diff Mfg,Positive
Jul-26,111000199,LAB,HYDROCHLORIC ACID 37% BP, Alpine Chemical Solution,MERCK Kgaa,10,L,37.39661992,06/02/2026 0:00,35.95828839, Alpine Chemical Solution,MERCK Kgaa,373.9661992,359.5828839,($14),-4,Same Mfg,Negative
Jul-26,114000067,AHL,LIQUID SORBITOL (NON-CRYSTALLISING)  BP, UNITED CHEMICAL CORPORAT,HABIB RICE PRODUCTS,9900,KG,0.809061489,07/01/2026 0:00,0.7731032, UNITED CHEMICAL CORPORAT,HABIB RICE PRODUCTS,8009.708738,7653.721683,($356),-4.651162791,Same Mfg,Negative
Jul-26,114000097,AHL,GLYCERYL MONOSTEARATE USP/NF, A.M.YOUSUF & CO.,"OLEOFINE ORGANICS SDN. BHD, MALAYSIA",300,KG,3.056454513,21/10/2025 0:00,2.44516361, A.M.YOUSUF & CO.,"OLEOFINE ORGANICS SDN. BHD, MALAYSIA",916.9363538,733.5490831,($183),-25,Same Mfg,Negative
Jul-26,114000017,AHL,ZINC OXIDE, ALPHA CHEMICAL CO.,Arabian Zinc Oxide Factory,800,KG,4.602660913,17/02/2026 0:00,4.135203164, ALPHA CHEMICAL CO.,Arabian Zinc Oxide Factory,3682.128731,3308.162531,($374),-11.30434783,Same Mfg,Negative
Jul-26,114000017,AHL,ZINC OXIDE, ALPHA CHEMICAL CO.,Arabian Zinc Oxide Factory,800,KG,4.602660913,17/02/2026 0:00,4.135203164, ALPHA CHEMICAL CO.,Arabian Zinc Oxide Factory,3682.128731,3308.162531,($374),-11.30434783,Same Mfg,Negative
Jul-26,114000042,AHL,MENTHOL BP, MEHRAN TRADERS,"SHANGDONG XINHUA, CHINA.",25,KG,20.67601582,08/07/2025 0:00,21.197411, MEHRAN TRADERS,"SHANGDONG XINHUA, CHINA.",516.9003955,529.9352751,$13 ,2.45971162,Same Mfg,Positive
Jul-26,114000055,AHL,PROPYLENE GLYCOL BP/USP, BROTHERS ENTERPRISES (PV,DOW CHEMICAL PACIFIC PTE LTD,1075,KG,4.160373966,24/01/2023 0:00,2.804746494, AFTAB CHEMICAL CO.,LYONDELL SOUTH ASIA PTE.LTD,4472.402014,3015.102481,"($1,457)",-48.33333333,Diff Mfg,Negative
Aug-26,111000024,LAB,WHITE SOFT PARAFFIN BP, ROYAL CHEMICALS,ROSE POLYMER IRAN.,2100,KG,2.481121899,12/06/2026 0:00,2.157497303, BIOINVENTIA,ROSE POLYMER IRAN.,5210.355987,4530.744337,($680),-15,Same Mfg,Negative
Aug-26,111000024,LAB,WHITE SOFT PARAFFIN BP, SABCON CHEMICALS,APAR Industries Limited,14000,KG,2.696871629,12/06/2026 0:00,2.157497303, BIOINVENTIA,ROSE POLYMER IRAN.,37756.2028,30204.96224,"($7,551)",-25,Diff Mfg,Negative
Aug-26,111000024,LAB,WHITE SOFT PARAFFIN BP, SABCON CHEMICALS,APAR Industries Limited,14000,KG,2.696871629,12/06/2026 0:00,2.157497303, BIOINVENTIA,ROSE POLYMER IRAN.,37756.2028,30204.96224,"($7,551)",-25,Diff Mfg,Negative
Aug-26,111000046,LAB,SODIUM LAURYL ETHER SULPHATE BP, A.M.YOUSUF & CO.,Edenor Technology,6500,KG,2.696871629,12/06/2026 0:00,2.822725638, OLSTAR ENTERPRISES,Edenor Technology,17529.66559,18347.71665,$818 ,4.458598726,Same Mfg,Positive
Aug-26,111000046,LAB,SODIUM LAURYL ETHER SULPHATE BP, OLSTAR ENTERPRISES,Edenor Technology,6500,KG,2.696871629,12/06/2026 0:00,2.822725638, OLSTAR ENTERPRISES,Edenor Technology,17529.66559,18347.71665,$818 ,4.458598726,Same Mfg,Positive
Aug-26,111000176,LAB,CETYL ALCOHOL BP, ALPHA CHEMICAL CO.,Edenor Technology,1000,KG,2.750809061,12/06/2026 0:00,2.840704782, HAAMEEM,Edenor Technology,2750.809061,2840.704782,$90 ,3.164556962,Same Mfg,Positive
Aug-26,111000176,LAB,CETYL ALCOHOL BP, ALPHA CHEMICAL CO.,Edenor Technology,2000,KG,2.750809061,12/06/2026 0:00,2.840704782, HAAMEEM,Edenor Technology,5501.618123,5681.409565,$180 ,3.164556962,Same Mfg,Positive
Jul-26,111000042,LAB,LIQUID SORBITOL (NON-CRYSTALLISING)  BP, MAK KEMIKAL,Habib Rice Products Ltd.,8250,KG,0.809061489,12/06/2026 0:00,0.812657318, UNITED CHEMICAL CORPORAT,Habib Rice Products Ltd.,6674.757282,6704.422869,$30 ,0.442477876,Same Mfg,Positive
Jul-26,111000099,LAB,ISOPROPYL ALCOHOL BP, CHEMINOVA CORPORATION,LCY CHEMICAL (LEE CHANG YUNG TAIWAN.),10000,KG,1.761956131,12/06/2026 0:00,1.776339446, MARS CHEMICALS (PRIVATE),LCY CHEMICAL (LEE CHANG YUNG TAIWAN.),17619.56131,17763.39446,$144 ,0.809716599,Same Mfg,Positive
Jul-26,111000064,LAB,CARAMEL MS, UNITED CHEMICAL CORPORAT,D.D.Williamson Ingredients (Shanghai) Ltd.,90,KG,1.582164689,18/06/2026 0:00,1.866954333, UNITED CHEMICAL CORPORAT,D.D.Williamson Ingredients (Shanghai) Ltd.,142.394822,168.02589,$26 ,15.25423729,Same Mfg,Positive
Jul-26,111000126,LAB,MENTHOL BP, MEHRAN TRADERS,"SHANGHAI POLAR BEAR PHARMACEUTICAL CO., LTD",25,KG,20.67601582,13/05/2026 0:00,21.14347357, MEHRAN TRADERS,"SHANGHAI POLAR BEAR PHARMACEUTICAL CO., LTD",516.9003955,528.5868393,$12 ,2.210884354,Same Mfg,Positive
Jul-26,111000126,LAB,MENTHOL BP, MEHRAN TRADERS,"SHANGHAI POLAR BEAR PHARMACEUTICAL CO., LTD",25,KG,20.67601582,13/05/2026 0:00,21.14347357, MEHRAN TRADERS,"SHANGHAI POLAR BEAR PHARMACEUTICAL CO., LTD",516.9003955,528.5868393,$12 ,2.210884354,Same Mfg,Positive
Jul-26,111000126,LAB,MENTHOL BP, MEHRAN TRADERS,"SHANGHAI POLAR BEAR PHARMACEUTICAL CO., LTD",25,KG,20.67601582,13/05/2026 0:00,21.14347357, MEHRAN TRADERS,"SHANGHAI POLAR BEAR PHARMACEUTICAL CO., LTD",516.9003955,528.5868393,$12 ,2.210884354,Same Mfg,Positive
Jul-26,111000070,LAB,CITRIC ACID MONOHYDRATE BP, HAAMEEM,TTCA,200,KG,0.934915498,17/06/2026 0:00,0.89895721, HAAMEEM,TTCA,186.9830996,179.7914419,($7),-4,Same Mfg,Negative
Jul-26,111000037,LAB,SODIUM BENZOATE BP/USP, N.A. ENTERPISES.,WUHAN YOUJI INDUSTRIES,500,KG,1.438331535,13/05/2026 0:00,1.528227256, N.A. ENTERPISES.,WUHAN YOUJI INDUSTRIES,719.1657677,764.1136282,$45 ,5.882352941,Same Mfg,Positive
Jul-26,111000011,LAB,MAGNESIUM STEARATE BP, MANSOOR CHEM,"PETER GREVEN, MALAYSIA",500,KG,6.832074793,26/12/2025 0:00,5.933117584, AXIS CHEMICALS,"PETER GREVEN, MALAYSIA",3416.037397,2966.558792,($449),-15.15151515,Same Mfg,Negative
Jul-26,111000027,LAB,PROPYLPARABEN USP/NF, Szumex International,UENOFINE CHEM JAPAN,100,KG,8.216468896,13/05/2026 0:00,8.594030924, Szumex International,UENOFINE CHEM JAPAN,821.6468896,859.4030924,$38 ,4.393305439,Same Mfg,Positive
Jul-26,111000182,LAB,ANHYDROUS CALCIUM HYDROGEN PHOSPHATE, MARTIN DOW SPECIALITIES,MERCK Kgaa,2100,KG,18.98597627,30/06/2026 0:00,15.10248112, CHEM TECH PAKISTAN,MERCK Kgaa,39870.55016,31715.21036,"($8,155)",-25.71428571,Same Mfg,Negative
