Maturity Status,Indentor,Status,COMPANY,Material Code,Material Name,Manufacturer Name,Origin,Commercialized Manufacturer Name,Per Lot Qty,Last Net Price in USD(Exist Sour),Per Lot Value ($)-Exist Sourc,Annual Qty Jul 2025 to Jun 2026,UOM,New Sourc Per lot Price($),Per lot Value - New Source $,Per Lot Diff,Per Annum Value $ - Exist Sou,Per Annum Value $ - New Sou,Per Annum Diff,Adjusted Annual Qty 10% of -ve,10% Adj Annum Value $ - Exist Sou,10% Adj Qty Annum Value $ - New Sou,Annual Net Saving in USD,AVL Added Dt,Last PO date,Ordering,Open PR & Date,Material Classification
NON MATURED,Morgan chemical,ACTIVE,LAB,111000011,MAGNESIUM STEARATE BP,"ANHUI SUNHERE PHARMACEUTICAL EXCIPIENTS CO., LTD.",CHINA,"PETER GREVEN, MALAYSIA",500,$6.83 ,"$3,416 ","2,520.00",KG,2.59,1295,"$2,121 ","$17,217 ","$6,527 ","$10,690 ",2520,"$17,217 ","$6,527 ","$10,690 ",08/06/2026,06/07/2026,ORDER NOT PLACED-FROM NEWLY ADDED SOURCE,,MULTI SOURCE
NON MATURED,MRI Indenting House,ACTIVE,LAB,111000014,MANNITOL BP,"Shandong Tianli Pharmaceuticals Co., Ltd",CHINA,QINGDAO BRIGHT MOON SEAW,2000,$2.80 ,"$5,600 ","5,550.00",KG,2.98,5960,($360),"$15,540 ","$16,539 ",($999),555,"$1,554 ","$1,654 ",($100),1/20/2026,03/08/2026,ORDER NEED TO PLACE-UPON PR,,Single Origin
NON MATURED,Neon chemical,ACTIVE,LAB,111000077,CHOLECALCIFEROL(VIT.D3) USP,Jiangxi Tianxin Pharmaceutical Co. Ltd,CHINA,"SICHUAN PROVINCE YUXIN PHARMACEUTICAL CO., LTD.",1000,$2.40 ,"$2,400 ","2,000.00",G,2.3,2300,$100 ,"$4,800 ","$4,600 ",$200 ,2000,"$4,800 ","$4,600 ",$200 ,11/14/2025,21/10/2025,ORDER NEED TO PLACE-UPON PR,"(1000413376, RMIMAT, 10-Aug-26, 3000 G)",Single Origin
NON MATURED,Falcon,ACTIVE,LAB,111000116,"HG CAP SIZE 0,CAP LIGHT PINK,BODY PINK O","JIANGSU LEFAN CAPSULE CO., LTD",CHINA,SUZHOU CAPSUGEL LTD,10500,$0.20 ,"$2,048 ",,HND,0.18,1890,$158 ,,,,,,,,1/29/2026,03/01/2025,ORDER NEED TO PLACE-UPON PR,,Single Origin
NON MATURED,MRI Indenting House,ACTIVE,LAB,111000127,MEGLUMINE,SUZHOU JINGYE MEDICINE & CHEMICAL CO. Ltd.,CHINA,MERCK Kgaa,25,$122.33 ,"$3,058 ",50,KG,45,1125,"$1,933 ","$6,117 ","$2,250 ","$3,867 ",50,"$6,117 ","$2,250 ","$3,867 ",4/30/2026,09/04/2026,ORDER NEED TO PLACE-UPON PR,,MERCK/SIGMA/CRODA/FISHER
NON MATURED,BIOFAR,ACTIVE,LAB,111000229,LACOSAMIDE BP,Shijiazhuang Lonzeal pharmaceutical co. ltd,CHINA,Chieron Active Ingredients Pvt. Ltd,100,$100.00 ,"$10,000 ",200,KG,180,18000,"($8,000)","$20,000 ","$36,000 ","($16,000)",20,"$2,000 ","$3,600 ","($1,600)",10/16/2025,17/12/2025,ORDER NEED TO PLACE-UPON PR,,MULTI SOURCE
NON MATURED,Noshad Trading,ACTIVE,LAB,111000236,MILRINONE USP,"FUXIN LONG RUI PHARMACEUTICAL CO., LTD.",CHINA,LUNAN BETTER PHARMACEUTICAL CO. LTD.,850,$6.38 ,"$5,423 ",600,G,7.5,6375,($952),"$3,828 ","$4,500 ",($672),60,$383 ,$450 ,($67),3/19/2026,09/07/2026,ORDER NEED TO PLACE-UPON PR,,Single Origin
NON MATURED,Neon chemical,ACTIVE,LAB,111000243,NAPROXEN SODIUM USP,"ZHEJIANG CHARIOTEER PHARMACEUTICAL CO., LTD.",CHINA,DIVI’S LABORATORIES LIMITED,100,$52.00 ,"$5,200 ",600,KG,41.6,4160,"$1,040 ","$31,200 ","$24,960 ","$6,240 ",600,"$31,200 ","$24,960 ","$6,240 ",7/13/2026,26/01/2026,ORDER NEED TO PLACE-UPON PR,,MULTI SOURCE
NON MATURED,Pentalam,ACTIVE,LAB,111000289,TELMISARTAN USP,ZHEJIANG HUAHAI PHARMACEUTICAL,CHINA,"VERDANT LIFE SCIENCE PVT.,LTD",50,$55.00 ,"$2,750 ",50,KG,62,3100,($350),"$2,750 ","$3,100 ",($350),5,$275 ,$310 ,($35),6/15/2025,31/07/2025,ORDER NEED TO PLACE-UPON PR,,MULTI SOURCE
NON MATURED,SPIRIT CHEMICALS,ACTIVE,LAB,111000316,DOXYCYCLINE HYCLATE BP,"Yancheng Suhai Pharmaceutical Co., Ltd.",CHINA,KUNSHAN CHEMICAL (KUNSHAN ORIENTAL PHARMACEUTICAL),5800,$45.50 ,"$263,900 ","5,800.00",KG,65,377000,"($113,100)","$263,900 ","$377,000 ","($113,100)",580,"$26,390 ","$37,700 ","($11,310)",09/05/2025,23/07/2025,ORDER NOT PLACED-FROM NEWLY ADDED SOURCE,,PROJECT
NON MATURED,BIOFAR,ACTIVE,LAB,111000329,ESCITALOPRAM OXALATE USP,"ZHEJIANG HAISEN PHARMACEUTICAL CO., LTD.",CHINA,SMILAX LABORATORIES LIMITED.,25,$210.00 ,"$5,250 ",25,KG,180,4500,$750 ,"$5,250 ","$4,500 ",$750 ,25,"$5,250 ","$4,500 ",$750 ,3/19/2026,12/07/2025,ORDER NEED TO PLACE-UPON PR,,CORE INDIAN
NON MATURED,Pentalam,ACTIVE,LAB,111000329,ESCITALOPRAM OXALATE USP,"ZHEJIANG HUAHAI PHARMACEUTICAL CO., LTD.",CHINA,SMILAX LABORATORIES LIMITED.,25,$210.00 ,"$5,250 ",25,KG,140,3500,"$1,750 ","$5,250 ","$3,500 ","$1,750 ",25,"$5,250 ","$3,500 ","$1,750 ",05/05/2026,12/07/2025,ORDER NEED TO PLACE-UPON PR,,CORE INDIAN
NON MATURED,Falcon,ACTIVE,LAB,111000330,"HG CAP SIZE 2,CAP LIGHT GREN,BODY WHIT T","JIANGSU LEFAN CAPSULE CO., LTD",CHINA,PHARMNOVA PVT LTD,10500,$0.32 ,"$3,398 ","10,500.00",HND,0.18,1890,"$1,508 ","$3,398 ","$1,890 ","$1,508 ",10500,"$3,398 ","$1,890 ","$1,508 ",1/29/2026,29/06/2026,ORDER NEED TO PLACE-UPON PR,,MULTI SOURCE
NON MATURED,Falcon,ACTIVE,LAB,111000340,"HG CAP SIZE-1, CAP BLUE-OP, BODY WHITE-O","JIANGSU LEFAN CAPSULE CO., LTD",CHINA,Suzhou Capsugel Ltd.,10000,$0.21 ,"$2,050 ",,HND,0.18,1800,$250 ,,,,,,,,1/29/2026,08/07/2026,ORDER NEED TO PLACE-UPON PR,,MULTI SOURCE
NON MATURED,Falcon,ACTIVE,LAB,111000341,"HG CAP SIZE 2,CAP YELLOW,BODY YELLOW SYN","JIANGSU LEFAN CAPSULE CO., LTD",CHINA,Suzhou Capsugel Ltd.,11250,$0.20 ,"$2,194 ","11,250.00",HND,0.18,2025,$169 ,"$2,194 ","$2,025 ",$169 ,11250,"$2,194 ","$2,025 ",$169 ,1/29/2026,07/11/2025,ORDER NEED TO PLACE-UPON PR,,MULTI SOURCE
NON MATURED,Noshad Trading,ACTIVE,LAB,111000343,FUSIDIC ACID (MICRONIZED) BP,Gansu Haotian PharmaTech Co. Ltd,CHINA,JOYANG  LABORATORIES,48,$298.00 ,"$14,304 ",252,KG,295,14160,$144 ,"$75,096 ","$74,340 ",$756 ,252,"$75,096 ","$74,340 ",$756 ,04/06/2026,02/06/2026,ORDER NEED TO PLACE-UPON PR,,Single Origin
NON MATURED,Neon chemical,ACTIVE,LAB,111000346,FAMCICLOVIR USP,"ZHEJIANG CHARIOTEER PHARMACEUTICAL CO., LTD.",CHINA,"SHANGHAI PHARMA GROUP CHONGZHOU KONY PHARMACEUTICAL CO., LTD.",175,$334.00 ,"$58,450 ",325,KG,370,64750,"($6,300)","$108,550 ","$120,250 ","($11,700)",32.5,"$10,855 ","$12,025 ","($1,170)",05/05/2026,08/07/2026,ORDER NOT PLACED-FROM NEWLY ADDED SOURCE,"(1000412733, RMIMAT, 10-Aug-26, 150 KG)",PROJECT
NON MATURED,Gudia Pvt Ltd,ACTIVE,LAB,111000352,GENTAMICIN SULPHATE BP,"Fujian Fukang Pharmaceutical Co., Ltd.",CHINA,YANTAI JUSTAWARE PHARMA  (Fuan Pharmaceutical Group),100000,$0.24 ,"$24,000 ","200,000.00",G,0.325,32500,"($8,500)","$48,000 ","$65,000 ","($17,000)",20000,"$4,800 ","$6,500 ","($1,700)",10/07/2025,03/04/2026,ORDER NOT PLACED-FROM NEWLY ADDED SOURCE,,Single Origin
NON MATURED,Morgan chemical,ACTIVE,LAB,111000393,DAPAGLIFLOZIN PROPANEDIOL MONOHYDRATE,"Weifang Hishine Pharmaceutical Co., Ltd.",CHINA,"FUXIN LONG RUI PHARMACEUTICAL CO., LTD",10,$230.00 ,"$2,300 ",,KG,230,2300,$0 ,,,,,,,,11/07/2025,15/06/2025,ORDER NEED TO PLACE-UPON PR,"(1100001439, RMIMAT, 19-Aug-26, 10 KG)",Single Origin
NON MATURED,Pentalam,ACTIVE,LAB,111000403,TOFACITINIB  CITRATE(MS),"Zhejiang Huahai Pharmaceuticals Co., Ltd",CHINA,Kaifeng Pharmaceutical Group Co Ltd,5,"$1,320.00 ","$6,600 ",15,KG,1380,6900,($300),"$19,800 ","$20,700 ",($900),1.5,"$1,980 ","$2,070 ",($90),4/30/2026,02/03/2026,ORDER NEED TO PLACE-UPON PR,,Single Origin
NON MATURED,Pentalam,ACTIVE,LAB,111000405,,"Zhejiang Huahai Pharmaceuticals Co., Ltd",CHINA,,,,,,,1100,,,,,,,,,,9/30/2025,,ORDER NEED TO PLACE-UPON PR,,Single Origin
NON MATURED,Smart chemicals,ACTIVE,LAB,111000412,ISOCONAZOLE NITRATE (MICRONIZED) BP,"CHANGZHOU JINSHEN PHARMACEUTICAL FACTORY CO., LIMITED",CHINA,Gufic Bioscience Limited,25,$145.00 ,"$3,625 ",25,KG,105,2625,"$1,000 ","$3,625 ","$2,625 ","$1,000 ",25,"$3,625 ","$2,625 ","$1,000 ",8/17/2026,03/03/2026,ORDER NEED TO PLACE-UPON PR,,MULTI SOURCE
NON MATURED,NEXT CHEM,ACTIVE,LAB,111000417,LETROZOLE USP,Lianyungang  Guike pharmaceutical Co. Ltd,CHINA,"Jiangsu Nhwa sede Pharmaceutical Co.,Ltd.",2,"$1,425.00 ","$2,850 ",4,KG,1500,3000,($150),"$5,700 ","$6,000 ",($300),0.4,$570 ,$600 ,($30),11/14/2025,30/01/2026,ORDER NEED TO PLACE-UPON PR,"(1000412454, RMIMAT, 10-Aug-26, 2 KG)",Single Origin
NON MATURED,Drug Links,ACTIVE,LAB,111000423,ASCORBIC ACID,"Heilongjiang NHU Biotechnology Co., Ltd.",CHINA,LUWEI PHARMA CO LTD,25,$2.66 ,$67 ,25,KG,8,200,($133),$67 ,$200 ,($133),2.5,$7 ,$20 ,($13),12/10/2025,27/02/2026,ORDER NOT PLACED-FROM NEWLY ADDED SOURCE,,Single Origin
NON MATURED,Noshad Trading,ACTIVE,LAB,111000428,VONOPRAZAN FUMARATE,Gansu Haotian PharmaTech Co. Ltd,CHINA,Jiangxi Synergy Pharmaceutical Co ltd,15,$265.00 ,"$3,975 ",50,KG,190,2850,"$1,125 ","$13,250 ","$9,500 ","$3,750 ",50,"$13,250 ","$9,500 ","$3,750 ",04/06/2026,03/03/2026,ORDER NEED TO PLACE-UPON PR,"(1000412747, RMIMAT, 26-Aug-26, 10 KG)",Single Origin
NON MATURED,IRIS,ACTIVE,LAB,111000442,HYDROXYCHLOROQUINE SULFATE USP,"CHONGQING KANGLE PHARMACEUTICAL CO., LTD.",CHINA,Ipca Laboratories Limited,100,$132.00 ,"$13,200 ",475,KG,123,12300,$900 ,"$62,700 ","$58,425 ","$4,275 ",475,"$62,700 ","$58,425 ","$4,275 ",05/05/2026,03/04/2026,ORDER NEED TO PLACE-UPON PR,,MULTI SOURCE
NON MATURED,Neon chemical,ACTIVE,AHL,114000019,CALCIUM L-5-METHYLTETRAHYDROFOLATE,SHANDONG HAIHUI PHARMACEUTICAL CO LTD,CHINA,WEST BENGAL CHEMICAL INDUSTRIES,5,$898.96 ,"$4,495 ",5,KG,1150,5750,"($1,255)","$4,495 ","$5,750 ","($1,255)",0.5,$449 ,$575 ,($126),7/30/2026,27/02/2026,ORDER NEED TO PLACE-UPON PR,,MULTI SOURCE
NON MATURED,Smart chemicals,ACTIVE,AHL,114000117,,"HUBEI GUANGJI PHARMACEUTICAL CO., LTD",CHINA,,,,,,,380,,,,,,,,,,02/09/2026,,ORDER NEED TO PLACE-UPON PR,,SINGLE SOURCE
NON MATURED,Mansoor Chemical,ACTIVE,AHL,114000132,D-CHIROINOSITOL,HEBEI AMINO BIOTECHNOLOGY CO LTD,CHINA,Hunan Nutramax Inc,120,$153.00 ,"$18,360 ",510,KG,197.5,23700,"($5,340)","$78,030 ","$100,725 ","($22,695)",51,"$7,803 ","$10,073 ","($2,270)",2/18/2026,08/05/2026,ORDER NEED TO PLACE-UPON PR,"(1000401833, RMIMAT, 07-Aug-26, 120 KG)",MULTI SOURCE
NON MATURED,MRI Indenting House,ACTIVE,LAB,121000000,,NANTONG HUIDESENG PACKAGING MATERIAL CO. LTD,CHINA,ORCHID PRINTING,10,$10.79 ,$108 ,26,KG,5.25,52.5,$55 ,$280 ,$137 ,$144 ,26,$280 ,$137 ,$144 ,7/26/2026,07/05/2026,ORDER NEED TO PLACE-UPON PR,,MULTI SOURCE
NON MATURED,MRI Indenting House,ACTIVE,LAB,121000004,AL-FOIL ASCARD PLUS TABLETS 211MM,NANTONG HUIDESENG PACKAGING MATERIAL CO. LTD,CHINA,MEDICFOIL PACKAGING SDN. BHD.,200,$7.34 ,"$1,468 ",800,KG,5.25,1050,$418 ,"$5,872 ","$4,200 ","$1,672 ",800,"$5,872 ","$4,200 ","$1,672 ",7/26/2026,02/06/2026,ORDER NEED TO PLACE-UPON PR,,MULTI SOURCE
NON MATURED,MRI Indenting House,ACTIVE,LAB,121000007,,NANTONG HUIDESENG PACKAGING MATERIAL CO. LTD,CHINA,,,,,,,5.25,,,,,,,,,,7/26/2026,,ORDER NEED TO PLACE-UPON PR,,MULTI SOURCE
NON MATURED,MRI Indenting House,ACTIVE,LAB,121000008,,NANTONG HUIDESENG PACKAGING MATERIAL CO. LTD,CHINA,,,,,,,5.25,,,,,,,,,,7/26/2026,,ORDER NEED TO PLACE-UPON PR,,MULTI SOURCE
NON MATURED,MRI Indenting House,ACTIVE,LAB,121000009,AL-FOIL DIROXX 50MG CAPS.235MM,NANTONG HUIDESENG PACKAGING MATERIAL CO. LTD,CHINA,MEDICFOIL PACKAGING SDN. BHD.,200,$6.97 ,"$1,394 ",200,KG,5.25,1050,$344 ,"$1,394 ","$1,050 ",$344 ,200,"$1,394 ","$1,050 ",$344 ,7/26/2026,21/10/2025,ORDER NEED TO PLACE-UPON PR,,MULTI SOURCE
NON MATURED,MRI Indenting House,ACTIVE,LAB,121000013,AL-FOIL DIOPLUS 5/160MG TABLETS 230MM,NANTONG HUIDESENG PACKAGING MATERIAL CO. LTD,CHINA,MEDICFOIL PACKAGING SDN. BHD.,200,$7.42 ,"$1,484 ",400,KG,5.25,1050,$434 ,"$2,968 ","$2,100 ",$868 ,400,"$2,968 ","$2,100 ",$868 ,7/26/2026,03/04/2026,ORDER NEED TO PLACE-UPON PR,,MULTI SOURCE
NON MATURED,MRI Indenting House,ACTIVE,LAB,121000014,AL-FOIL DIOPLUS 10/160MG TABLETS 230MM,NANTONG HUIDESENG PACKAGING MATERIAL CO. LTD,CHINA,MEDICFOIL PACKAGING SDN. BHD.,200,$6.97 ,"$1,394 ",400,KG,5.25,1050,$344 ,"$2,788 ","$2,100 ",$688 ,400,"$2,788 ","$2,100 ",$688 ,7/26/2026,21/10/2025,ORDER NEED TO PLACE-UPON PR,,MULTI SOURCE
NON MATURED,MRI Indenting House,ACTIVE,LAB,121000015,AL-FOIL GEMPID 600MG TAB 212MM,NANTONG HUIDESENG PACKAGING MATERIAL CO. LTD,CHINA,MEDICFOIL PACKAGING SDN. BHD.,200,$7.34 ,"$1,468 ",200,KG,5.25,1050,$418 ,"$1,468 ","$1,050 ",$418 ,200,"$1,468 ","$1,050 ",$418 ,7/26/2026,02/06/2026,ORDER NEED TO PLACE-UPON PR,,MULTI SOURCE
NON MATURED,MRI Indenting House,ACTIVE,LAB,121000034,AL-FOIL SYNGAB 100MG CAPSULES 230MM,NANTONG HUIDESENG PACKAGING MATERIAL CO. LTD,CHINA,MEDICFOIL PACKAGING SDN. BHD.,200,$6.85 ,"$1,370 ",,KG,5.25,1050,$320 ,,,,,,,,7/26/2026,03/01/2025,ORDER NEED TO PLACE-UPON PR,,MULTI SOURCE
NON MATURED,MRI Indenting House,ACTIVE,LAB,121000139,AL-FOIL ASCARD 75MG TAB.240.5MM(EXP.SUDA,NANTONG HUIDESENG PACKAGING MATERIAL CO. LTD,CHINA,MEDICFOIL PACKAGING SDN. BHD.,300,$7.15 ,"$2,145 ",,KG,5.25,1575,$570 ,,,,,,,,7/26/2026,07/02/2025,ORDER NEED TO PLACE-UPON PR,,MULTI SOURCE
NON MATURED,MRI Indenting House,ACTIVE,LAB,121000144,AL-FOIL MEROL 100MG TAB 236MM,NANTONG HUIDESENG PACKAGING MATERIAL CO. LTD,CHINA,MEDICFOIL PACKAGING SDN. BHD.,200,$6.97 ,"$1,394 ",200,KG,5.25,1050,$344 ,"$1,394 ","$1,050 ",$344 ,200,"$1,394 ","$1,050 ",$344 ,7/26/2026,17/12/2025,ORDER NEED TO PLACE-UPON PR,,MULTI SOURCE
NON MATURED,MRI Indenting House,ACTIVE,LAB,121000151,,NANTONG HUIDESENG PACKAGING MATERIAL CO. LTD.,CHINA,IFTEKHAR INTERNATIONAL,200,$13.30 ,"$2,661 ",450,KG,5.25,1050,"$1,611 ","$5,987 ","$2,363 ","$3,625 ",450,"$5,987 ","$2,363 ","$3,625 ",7/26/2026,10/08/2026,ORDER NEED TO PLACE-UPON PR,,MULTI SOURCE
NON MATURED,MRI Indenting House,ACTIVE,LAB,121002928,AL.FOIL 211MM CARDNIT 2.6MG TAB.(COM),NANTONG HUIDESENG PACKAGING MATERIAL CO. LTD,CHINA,MEDIC FOIL,1000,$7.34 ,"$7,340 ","4,660.00",KG,5.25,5250,"$2,090 ","$34,204 ","$24,465 ","$9,739 ",4660,"$34,204 ","$24,465 ","$9,739 ",7/26/2026,02/06/2026,ORDER NEED TO PLACE-UPON PR,,MULTI SOURCE
NON MATURED,MRI Indenting House,ACTIVE,LAB,121002936,AL.FOIL 211MM CARDNIT 6.4MG TAB.(COM),NANTONG HUIDESENG PACKAGING MATERIAL CO. LTD,CHINA,MEDIC FOILS,400,$7.42 ,"$2,968 ",900,KG,5.25,2100,$868 ,"$6,678 ","$4,725 ","$1,953 ",900,"$6,678 ","$4,725 ","$1,953 ",7/26/2026,03/04/2026,ORDER NEED TO PLACE-UPON PR,,MULTI SOURCE
NON MATURED,DAWN IMPEX,ACTIVE,LAB,111000068,CETOSTEARYL ALCOHOL BP,Unitop chemicals Pvt Ltd,INDIA,SURIACHEM SDN BHD,15200,$2.07 ,"$31,388 ","18,200.00",KG,2.95,44840,"($13,452)","$37,583 ","$53,690 ","($16,107)",1820,"$3,758 ","$5,369 ","($1,611)",12/24/2025,28/04/2026,ORDER NEED TO PLACE-UPON PR,"(1000413259, RMLMAT, 10-Aug-26, 15200 KG)",MULTI SOURCE
NON MATURED,RASHEED SONS,ACTIVE,LAB,111000072,TARTRAZINE LAKE (CI 19140:1) MS,Koel Colours,INDIA,"NEELIKON FOOD DYES & CHEMICAL, INDIA",12500,$0.01 ,$151 ,,G,0.072,900,($749),,,,,,,,11/07/2025,16/12/2024,ORDER NEED TO PLACE-UPON PR,,COLOR
NON MATURED,RASHEED SONS,ACTIVE,LAB,111000098,YELLOW IRON OXIDE MS,Koel Colours,INDIA,ELLIS & EVARAD  ENGLAND,10,$18.70 ,$187 ,40,KG,72,720,($533),$748 ,"$2,880 ","($2,132)",4,$75 ,$288 ,($213),11/07/2025,27/03/2026,ORDER NOT PLACED-FROM NEWLY ADDED SOURCE,,COLOR
NON MATURED,MRI Indenting House,ACTIVE,LAB,111000155,SULFUR BP,ANMOL CHEMICALS PRIVATE LIMITED,INDIA,MERCK GERMANY,500,$17.26 ,"$8,630 ","3,750.00",KG,69,34500,"($25,870)","$64,725 ","$258,750 ","($194,025)",375,"$6,472 ","$25,875 ","($19,403)",4/30/2026,27/07/2026,ORDER NEED TO PLACE-UPON PR,,MERCK/SIGMA/CRODA/FISHER
NON MATURED,RASHEED SONS,ACTIVE,LAB,111000171,BRILLIANT BLUE LAKE (CI 42090:2) MS,Koel Colours,INDIA,"NEELIKON FOOD DYES & CHEMICAL, INDIA",12500,$0.02 ,$288 ,"12,500.00",G,0.072,900,($612),$288 ,$900 ,($612),1250,$29 ,$90 ,($61),11/07/2025,24/03/2026,ORDER NOT PLACED-FROM NEWLY ADDED SOURCE,,COLOR
NON MATURED,RASHEED SONS,ACTIVE,LAB,111000172,SUNSET YELLOW FCF LAKE (CI 15985:1) MS,Koel Colours,INDIA,AMS Flavours & Fragrances Pvt. Ltd.,2,$18.35 ,$37 ,4,KG,72,144,($107),$73 ,$288 ,($215),0.4,$7 ,$29 ,($21),11/07/2025,08/04/2026,ORDER NOT PLACED-FROM NEWLY ADDED SOURCE,,COLOR
NON MATURED,RASHEED SONS,ACTIVE,LAB,111000184,DISODIUM HYDROGEN PHOSPHATE DIHYDRATE BP,SUDEEP PHARMA LIMITED,INDIA,MERCK GERMANY.,50,$32.36 ,"$1,618 ",295,KG,38,1900,($282),"$9,547 ","$11,210 ","($1,663)",29.5,$955 ,"$1,121 ",($166),10/16/2025,26/02/2026,ORDER NEED TO PLACE-UPON PR,,MERCK/SIGMA/CRODA/FISHER
NON MATURED,RASHEED SONS,ACTIVE,LAB,111000201,RED IRON OXIDE (CI 77491) MS,Koel Colours,INDIA,NEELIKON FOOD DYES & CHEMICAL LTD,12500,$0.01 ,$142 ,"12,500.00",G,0.072,900,($758),$142 ,$900 ,($758),1250,$14 ,$90 ,($76),11/07/2025,26/12/2025,ORDER NOT PLACED-FROM NEWLY ADDED SOURCE,,COLOR
NON MATURED,DAWN IMPEX,ACTIVE,LAB,111000234,METFORMIN HYDROCHLORIDE BP,SOHAN HEALTHCARE,INDIA,"NINGXIA HENGKANG TECHNOLOGY CO., LTD.",6000,$2.60 ,"$15,600 ","6,000.00",KG,2.6,15600,$0 ,"$15,600 ","$15,600 ",$0 ,6000,"$15,600 ","$15,600 ",$0 ,9/23/2025,03/04/2026,ORDER NEED TO PLACE-UPON PR,,MULTI SOURCE
NON MATURED,Neon chemical,ACTIVE,LAB,111000234,METFORMIN HYDROCHLORIDE BP,AARTI DRUGS LIMITED,INDIA,"NINGXIA HENGKANG TECHNOLOGY CO., LTD.",6000,$2.60 ,"$15,600 ","6,000.00",KG,2.3,13800,"$1,800 ","$15,600 ","$13,800 ","$1,800 ",6000,"$15,600 ","$13,800 ","$1,800 ",1/30/2026,03/04/2026,ORDER NEED TO PLACE-UPON PR,,MULTI SOURCE
NON MATURED,DAWN IMPEX,ACTIVE,LAB,111000258,PREGABALIN BP,"Kopran Research Laboratories Ltd, Mahad",INDIA,CTX LIFESCIENCES PVT. LTD,300,$40.00 ,"$12,000 ",900,KG,34,10200,"$1,800 ","$36,000 ","$30,600 ","$5,400 ",900,"$36,000 ","$30,600 ","$5,400 ",9/23/2025,03/04/2026,ORDER NEED TO PLACE-UPON PR,,NON INDIAN
NON MATURED,Arfeen Group,ACTIVE,LAB,111000296,BETAMETHASONE DIPROPIONATE MICRONIZED BP,Unimax Laboratories Pvt. Ltd.,INDIA,Anuh Pharma Ltd,25000,$0.70 ,"$17,500 ","200,000.00",G,0.66,16500,"$1,000 ","$140,000 ","$132,000 ","$8,000 ",200000,"$140,000 ","$132,000 ","$8,000 ",10/30/2025,16/12/2025,ORDER NEED TO PLACE-UPON PR,,PROJECT
NON MATURED,BIOFAR,ACTIVE,LAB,111000344,FLUOCINOLONE ACETONIDE USP,MAHARSHI PHARMA CHEM PVT. LTD.,INDIA,TIANJIN TIANYAO PHARMACEUTICALS (TIANJIN TAINFA PHARMACEUTICALS IMP. & EXP. CORP,8000,$5.10 ,"$40,800 ","26,000.00",G,5.75,46000,"($5,200)","$132,600 ","$149,500 ","($16,900)",2600,"$13,260 ","$14,950 ","($1,690)",11/07/2025,08/04/2026,ORDER NOT PLACED-FROM NEWLY ADDED SOURCE,,MULTI SOURCE
NON MATURED,Smart chemicals,ACTIVE,LAB,111000394,TAPENTADOL HYDROCHLORIDE BP,ARENE LIFE SCIENCES PRIVATE LIMITED,INDIA,AMI LIFESCIENCE PVT LTD,25,$780.00 ,"$19,500 ",25,KG,330,8250,"$11,250 ","$19,500 ","$8,250 ","$11,250 ",25,"$19,500 ","$8,250 ","$11,250 ",8/17/2026,14/07/2025,ORDER NEED TO PLACE-UPON PR,,CORE INDIAN
NON MATURED,Neon chemical,ACTIVE,LAB,111000402,ITRACONAZOLE PELLETS 22.2% W/W(MS),Spansules formulations India Private Limited,INDIA,"ALPHAMED FORMULATION, INDIA",500,$71.00 ,"$35,500 ","1,500.00",KG,65,32500,"$3,000 ","$106,500 ","$97,500 ","$9,000 ",1500,"$106,500 ","$97,500 ","$9,000 ",07/01/2026,02/06/2026,ORDER NOT PLACED-FROM NEWLY ADDED SOURCE,"(1000413185, RMIMAT, 10-Aug-26, 500 KG)",PROJECT
NON MATURED,Neon chemical,ACTIVE,LAB,111000408,VORICONAZOLE(USP),Hema Pharmaceuticals Private Limited,INDIA,"Zhejiang Huahai Pharmaceuticals Co., Ltd",50,$605.00 ,"$30,250 ",250,KG,850,42500,"($12,250)","$151,250 ","$212,500 ","($61,250)",25,"$15,125 ","$21,250 ","($6,125)",1/30/2026,03/04/2026,ORDER NEED TO PLACE-UPON PR,"(1000412769, RMIMAT, 10-Aug-26, 100 KG)",PROJECT
NON MATURED,DAWN IMPEX,ACTIVE,AHL,114000067,LIQUID SORBITOL (NON-CRYSTALLISING)  BP,KASYAP SWEETNERS PVT LTD,INDIA,HABIB RICE PRODUCTS,9900,$0.81 ,"$8,010 ","30,525.00",KG,0.57,5643,"$2,367 ","$24,697 ","$17,399 ","$7,297 ",30525,"$24,697 ","$17,399 ","$7,297 ",1/27/2026,30/07/2026,ORDER NEED TO PLACE-UPON PR,"(1000413179, RMLMAT, 10-Aug-26, 4025 KG)",MULTI SOURCE
NON MATURED,Texol,ACTIVE,LAB,111000008,LIGHT LIQUID PARAFFIN BP,TEXOL LUBRITECH FZC,UAE,"PETROLEUM SPECIALITIES FZE,",5000,$2.52 ,"$12,585 ","45,000.00",KG,2.62,13100,($515),"$113,269 ","$117,900 ","($4,631)",4500,"$11,327 ","$11,790 ",($463),09/12/2025,18/06/2026,ORDER NOT PLACED-FROM NEWLY ADDED SOURCE,,MULTI SOURCE
NON MATURED,COSMO CHEM,ACTIVE,LAB,111000046,SODIUM LAURYL ETHER SULPHATE BP,KL-KEPONG OLEOMAS SDN BHD,MALAYSIA,Edenor Technology,6500,$2.70 ,"$17,530 ","65,825.00",KG,2,13000,"$4,530 ","$177,522 ","$131,650 ","$45,872 ",65825,"$177,522 ","$131,650 ","$45,872 ",12/26/2025,12/08/2026,ORDER NEED TO PLACE-UPON PR,,PROJECT
NON MATURED,Merck,ACTIVE,LAB,111000056,POLYSORBATE 80(TWEEN 80)USP/NF/BP,"MERCK, GERMANY",GERMANY,CRODA SINGAPORE PTE LTD,400,$5.84 ,"$2,337 ","2,400.00",KG,88,35200,"($32,863)","$14,024 ","$211,200 ","($197,176)",240,"$1,402 ","$21,120 ","($19,718)",12/26/2025,15/07/2026,ORDER NEED TO PLACE-UPON PR,,MERCK/SIGMA/CRODA/FISHER
NON MATURED,Allied Axoim,ACTIVE,LAB,111000075,SUNSET YELLOW FCF (CI 15985) MS,ALLIED AXIOM CHEMICAL (PVT) LIMITED,PAKISTAN,"NEELIKON FOOD DYES & CHEMICAL, INDIA",425,$6.09 ,"$2,590 ",,KG,62.1,26392.5,"($23,802)",,,,,,,,10/23/2025,29/04/2025,ORDER NEED TO PLACE-UPON PR,,COLOR
NON MATURED,COSMO CHEM,ACTIVE,LAB,111000076,COCAMIDOPROPYL BETAINE 30%,EDENOR OLEOCHEMICALS SPECIALITIES (M) SDN. BHD.,MALAYSIA,"MATRIX OLEOCHEM SDN-BHD, MALAYSIA",4000,$1.64 ,"$6,544 ","16,000.00",KG,0.95,3800,"$2,744 ","$26,178 ","$15,200 ","$10,978 ",16000,"$26,178 ","$15,200 ","$10,978 ",6/18/2026,11/06/2026,ORDER NEED TO PLACE-UPON PR,,Single Origin
NON MATURED,ITTEHAD ENTERPRISE,ACTIVE,LAB,111000148,SODIUM HYDROXIDE BP,KIRSCH PHARMA GMBH,GERMANY,HONEYWELL SPECIALITY CHEMICALS SEELZE GMBH,50,$12.59 ,$629 ,250,KG,22.6,1130,($501),"$3,146 ","$5,650 ","($2,504)",25,$315 ,$565 ,($250),1/20/2026,15/07/2026,ORDER NEED TO PLACE-UPON PR,,ASCARD
NON MATURED,Allied Axoim,ACTIVE,LAB,111000172,SUNSET YELLOW FCF LAKE (CI 15985:1) MS,ALLIED AXIOM CHEMICAL (PVT) LIMITED,PAKISTAN,AMS Flavours & Fragrances Pvt. Ltd.,2,$18.35 ,$37 ,4,KG,43.4,86.8,($50),$73 ,$174 ,($100),0.4,$7 ,$17 ,($10),10/23/2025,08/04/2026,ORDER NEED TO PLACE-UPON PR,,COLOR
NON MATURED,Allied Axoim,ACTIVE,LAB,111000189,PINEAPPLE POWDER FLAVOUR 23002 MS,ALLIED AXIOM CHEMICAL (PVT) LIMITED,PAKISTAN,EUROROME.,12,$38.83 ,$466 ,12,KG,12.4,148.8,$317 ,$466 ,$149 ,$317 ,12,$466 ,$149 ,$317 ,10/23/2025,09/04/2026,ORDER NEED TO PLACE-UPON PR,"(1000412929, RMLMAT, 10-Aug-26, 12 KG)",FLAVOUR/FRAGRANCE/EXTRACTS
NON MATURED,Allied Axoim,ACTIVE,LAB,111000194,CHERRY FLAVOUR 2217 MS,ALLIED AXIOM CHEMICAL (PVT) LIMITED,PAKISTAN,AMS flavours & fragrances Pvt. Ltd,80,$9.17 ,$734 ,320,L,25.3,2024,"($1,290)","$2,934 ","$8,096 ","($5,162)",32,$293 ,$810 ,($516),10/23/2025,12/06/2026,ORDER NEED TO PLACE-UPON PR,,FLAVOUR/FRAGRANCE/EXTRACTS
NON MATURED,Mansoor Chemical,ACTIVE,AHL,114000001,LIQUORICE EXTRACT,PT CELL,EGYPT,HERBION PAKISTAN PVT LTD,70,$11.87 ,$831 ,145,KG,8,560,$271 ,"$1,721 ","$1,160 ",$561 ,145,"$1,721 ","$1,160 ",$561 ,7/26/2026,29/12/2025,ORDER NEED TO PLACE-UPON PR,,MULTI SOURCE
NON MATURED,Servion,ACTIVE,AHL,114000001,LIQUORICE EXTRACT,BIONORM,TURKEY,HERBION PAKISTAN PVT LTD,70,$11.87 ,$831 ,145,KG,30,2100,"($1,269)","$1,721 ","$4,350 ","($2,629)",14.5,$172 ,$435 ,($263),5/15/2026,29/12/2025,ORDER NEED TO PLACE-UPON PR,,MULTI SOURCE
NON MATURED,Sabcon,ACTIVE,AHL,114000013,,Creacion,GERMANY,,,,,,,25,,,,,,,,,,03/04/2026,,ORDER NEED TO PLACE-UPON PR,,MULTI SOURCE
NON MATURED,Mansoor Chemical,ACTIVE,AHL,114000120,THYMUS VULGARIS EXTRACT,PT CELL,EGYPT,Shaanxi Jiahe Phytochem,50,$21.00 ,"$1,050 ",125,KG,15,750,$300 ,"$2,625 ","$1,875 ",$750 ,125,"$2,625 ","$1,875 ",$750 ,7/26/2026,21/01/2026,ORDER NEED TO PLACE-UPON PR,,MULTI SOURCE
NON MATURED,Servion,ACTIVE,AHL,114000120,THYMUS VULGARIS EXTRACT,BIONORM,TURKEY,Shaanxi Jiahe Phytochem,50,$21.00 ,"$1,050 ",125,KG,38,1900,($850),"$2,625 ","$4,750 ","($2,125)",12.5,$263 ,$475 ,($213),6/15/2026,21/01/2026,ORDER NEED TO PLACE-UPON PR,,MULTI SOURCE
NON MATURED,RASHEED SONS,ACTIVE,AHL,114000143,ALOE VERA GEL,ALOECORP DE MÉXICO,MEXICO,"HERBAL EXTRACT CO, KARACHI",25,$14.29 ,$357 ,30,KG,4,100,$257 ,$429 ,$120 ,$309 ,30,$429 ,$120 ,$309 ,7/30/2026,15/07/2026,ORDER NEED TO PLACE-UPON PR,,MULTI SOURCE
NON MATURED,Mansoor Chemical,ACTIVE,AHL,114000152,IVY LEAF POWDER EXTRACT,PT CELL,EGYPT,HERBION PAKISTAN PVT) LTD,80,$50.34 ,"$4,027 ",460,KG,41,3280,$747 ,"$23,157 ","$18,860 ","$4,297 ",460,"$23,157 ","$18,860 ","$4,297 ",7/26/2026,15/07/2026,ORDER NEED TO PLACE-UPON PR,,FLAVOUR/FRAGRANCE/EXTRACTS
