Development Stage,Material Classification,Sample Submission Date,Material Code,Active Mfg Count,Company,Material Name,Manufacturer Name,Origin,Indentor Name,Development Rates,Com Mfg Name,Net Price in USD,Per Lot Qty,UOM,Annual Qty,Existing source Total annual value,Under Dev source Total annual value,Net Saving/Loss,%Age Saving/Loss,Saving/Loss,Best Net Saving/Loss,Existing source Total annual value (10% Qty),Under Dev source Total annual value (10% Qty),Net Saving/Loss (10% Qty),%Age Saving/Loss (10% Qty),Saving/Loss (10% Qty),Annual Net Saving
INITIAL TESTING,SINGLE SOURCE,24/08/2026,111000091,1,LAB,FOLIC ACID USP,Zhejiang Shengda Bio-Pharm,China,Druglink,$0.,"HEBEI JIHENG (GROUP) PHARMACEUTICAL CO., LTD",$200.00,1,KG,1,200,0,$200,100,Saving,$200,200,0,200,100,Saving,$200
INITIAL TESTING,PROJECT,24/08/2026,111000240,1,LAB,NYSTATIN BP,"Fujian Fukang Pharmaceutical Co., Ltd",China,Morgan,$200.,ANTIBIOTICE S.A.,$247.60,360,KG,1080,267408,216000,"$51,408",19,Saving,"$51,408",267408,216000,51408,19,Saving,"$51,408"
INITIAL TESTING,SINGLE SOURCE,03/08/2026,111000314,1,LAB,DEXAMETHASONE (MICRONIZED) BP,Zhejiang Xianju,China,Neon,$800.,TIANJIN TIANYAO PHARMACEUTICALS (TIANJIN TAINFA PHARMACEUTICALS IMP. & EXP. CORP,$850.00,2,KG,2,1700,1600,$100,6,Saving,$100,1700,1600,100,6,Saving,$100
INITIAL TESTING,PROJECT,24/08/2026,111000297,1,LAB,BACITRACIN BP,NCPC,China,SBR,$400.,XELLIA PHARMACEUTICALS L,$500.00,100,KG,390,195000,156000,"$39,000",20,Saving,"$39,000",195000,156000,39000,20,Saving,"$39,000"
INITIAL TESTING,PELLET / INDIAN,24/08/2026,111000321,1,LAB,Duloxetine Hydrochloride 20%,Sami,Pakistan,Sami,$87.719298245614,TITAN LABORATORIES PVT. LTD.,$100.50,,KG,900,90450,78947.36842,"$11,503",13,Saving,,90450,78947.36842,11502.63158,13,Saving,
INITIAL TESTING,PELLET / INDIAN,24/08/2026,111000326,1,LAB,ESOMEPRAZOLE ENTERIC COATED PELLETS 22.5,Sami,Pakistan,Sami,$31.5789473684211,ALPHAMED FORMULATION (PVT) LTD.,$38.00,400,KG,700,26600,22105.26316,"$4,495",17,Saving,"$4,495",26600,22105.26316,4494.736842,17,Saving,"$4,495"
INITIAL TESTING,PELLET / INDIAN,24/08/2026,111000321,1,LAB,Duloxetine Hydrochloride 20%,Biopol Pharma,China,Spirit,$190.,TITAN LABORATORIES PVT. LTD.,$100.50,,KG,900,90450,171000,"($80,550)",-89,Loss,,9045,17100,-8055,-89,Loss,
AT STABILITY,ASCARD,19/12/2025,111000053,1,LAB,PURIFIED TALC BP,B. B. Minerals,Pakistan,B. B. Minerals,$1.4,NITIKA PHARMACEUTICAL SPECIALITIES PVT. LTD.,$2.60,1500,KG,3300,8580,4620,"$3,960",46,Saving,"$3,960",8580,4620,3960,46,Saving,"$3,960"
AT STABILITY,SINGLE SOURCE,14/11/2024,111000411,1,LAB,CARBOMER 971P,Emrays,UAE,COSMOCHEM,$45.,LUBRIZOL,$46.94,528,KG,1056,49568.64,47520,"$2,049",4,Saving,"$2,049",49568.64,47520,2048.64,4,Saving,"$2,049"
AT STABILITY,ASCARD,19/09/2025,111000086,1,LAB,"SHEFCOAT ENT PINK
Seal COAT
SHEFFCOAT CLEAR 5Y01771 ( Seal Coat)",KERRY,USA,Dawn Impex,$87.,"NEELIKON FOOD DYES & CHEMICAL, INDIA",$78.62,75,KG,275,21621.26933,23925,"($2,304)",-11,Loss,,21621.26933,23925,-2303.730672,-11,Loss,
AT STABILITY,MERCK/SIGMA/CRODA/FISHER,14/11/2024,111000067,1,LAB,CETOMACROGOL 1000 BP 98,Unitop Chemicals Pvt. Ltd.,India,Dawn Impex,$6.5,"CRODA CHEMICALS, SINGAPORE.",$10.79,2000,KG,14040,151456.3107,91260,"$60,196",40,Saving,"$60,196",151456.3107,91260,60196.31068,40,Saving,"$60,196"
AT STABILITY,SINGLE SOURCE,14/01/2026,121000030,1,LAB,ALU ALU Base Foil (Printed) 211 mm ±1mm,SHANGHAI ZIJIANG COLOR,China,Gudia Pvt Ltd,$4.95,NANTONG HUIDESENG PACKAGING MATERIAL CO. LTD.,$5.20,10000,KG,47730,248196,236263.5,"$11,933",5,Saving,"$11,933",248196,236263.5,11932.5,5,Saving,"$11,933"
AT STABILITY,SINGLE SOURCE,31/12/2024,111000002,1,LAB,MICROCRYSTALLINE CELLULOSE (PH 101) BP,SHANDONG GUANGD,China,IRIS,$2.6,RETTENMAIER NATURAL FIBE,$3.05,400,KG,400,1220,1040,$180,15,Saving,,1220,1040,180,15,Saving,
AT STABILITY,PELLET / INDIAN,12/09/2025,111000326,1,LAB,ESOMEPRAZOLE ENTERIC COATED PELLETS 22.5,Shouguang Fukang,China,IRIS,$45.,ALPHAMED FORMULATION (PVT) LTD.,$38.00,400,KG,700,26600,31500,"($4,900)",-18,Loss,,26600,31500,-4900,-18,Loss,
AT STABILITY,NON INDIAN,16/09/2025,111000288,1,LAB,TICAGRELOR,Salubris Pharmaceuticals,China,IRIS,$330.,KOPRAN RESEARCH LABORATO,$255.00,100,KG,205,52275,67650,"($15,375)",-29,Loss,,5227.5,6765,-1537.5,-29,Loss,"($1,538)"
AT STABILITY,CORE INDIAN,07/11/2025,111000268,1,LAB,SALBUTAMOL SULPHATE BP,lusochimica S.p.A.,Italy,Morgan,$877.,SUPRIYA LIFESCIENCE LTD.,$140.00,25,KG,125,17500,109625,"($92,125)",-526,Loss,"($92,125)",1750,10962.5,-9212.5,-526,Loss,"($9,213)"
AT STABILITY,CORE INDIAN,13/01/2026,111000317,1,LAB,DOMPERIDONE(BASE) BP,Tagoor,India,Morgan,$75.,VASUDHA PHARMACHEM LTD.,$48.50,75,KG,225,10912.5,16875,"($5,963)",-55,Loss,"($5,963)",10912.5,16875,-5962.5,-55,Loss,"($5,963)"
AT STABILITY,NON INDIAN,22/09/2025,111000288,1,LAB,TICAGRELOR,NANTONG CHANYOO,China,Neon,$300.,KOPRAN RESEARCH LABORATO,$255.00,100,KG,205,52275,61500,"($9,225)",-18,Loss,"($9,225)",52275,61500,-9225,-18,Loss,
AT STABILITY,CORE INDIAN,26/12/2025,111000348,1,LAB,FLUCONAZOLE(MICRONIZED) USP,HEMA,India,Neon,$95.,SYNERGENE ACTIVE INGREDIENTS PVT LTD,$68.00,25,KG,100,6800,9500,"($2,700)",-40,Loss,"($2,700)",6800,9500,-2700,-40,Loss,"($2,700)"
AT STABILITY,CORE INDIAN,07/05/2025,111000441,1,LAB,LULICONAZOLE MS,"Viwit Pharmaceuticals\n(Non-Indian)",China,Nimbus,"$1,450.",OPTIMUS DRUGS PRIVATE LIMITED,$375.00,100,KG,375,140625,543750,"($403,125)",-287,Loss,"($403,125)",14062.5,54375,-40312.5,-287,Loss,"($40,313)"
AT STABILITY,ASCARD,19/09/2025,111000086,1,LAB,Opadry Clear 03K19229,COLORCON,USA,Paradise,$77.67,"NEELIKON FOOD DYES & CHEMICAL, INDIA",$78.62,75,KG,275,21621.26933,21359.25,$262,1,Saving,,21621.26933,21359.25,262.0193276,1,Saving,
AT STABILITY,CORE INDIAN,25/08/2025,111000078,1,LAB,CHLORHEXIDINE GLUCONATE SOLUTION USP,SHAANXI DASHENG PHARMA,China,SBR,$4.2,BAJAJ HEALTHCARE LTD,$6.75,1400,KG,1400,9450,5880,"$3,570",38,Saving,"$3,570",9450,5880,3570,38,Saving,"$3,570"
AT STABILITY,PELLET / INDIAN,09/07/2025,111000321,1,LAB,DULOXETINE HYDROCHLORIDE EC PELLETS 14.8,Biopole,China,SPIRIT CHEMICALS,$190.,TITAN LABORATORIES PVT. LTD.,$100.50,,KG,900,90450,171000,"($80,550)",-89,Loss,,9045,17100,-8055,-89,Loss,
AT STABILITY,PELLET / INDIAN,14/07/2025,111000326,1,LAB,ESOMEPRAZOLE ENTERIC COATED PELLETS 22.5,Saakh Pharma,Pakistan,Saakh,$31.58,ALPHAMED FORMULATION (PVT) LTD.,$38.00,400,KG,700,26600,22106,"$4,494",17,Saving,,26600,22106,4494,17,Saving,
AT STABILITY,PELLET / INDIAN,22/10/2025,111000326,1,LAB,ESOMEPRAZOLE ENTERIC COATED PELLETS 22.5,Surge Lab,Pakistan,Surge Lab,$34.,ALPHAMED FORMULATION (PVT) LTD.,$38.00,400,KG,700,26600,23800,"$2,800",11,Saving,,26600,23800,2800,11,Saving,
AT STABILITY,PELLET / INDIAN,22/10/2025,111000321,1,LAB,Duloxetine pellets 17.65% (with HCL 20%),Surge Lab,Pakistan,Surge Lab,$78.95,TITAN LABORATORIES PVT. LTD.,$100.50,,KG,900,90450,71055,"$19,395",21,Saving,"$19,395",90450,71055,19395,21,Saving,"$19,395"
AT PD PRIORITY,SINGLE SOURCE,29/05/2024,111000100,1,LAB,ISOPROPYL MYRISTATE BP,KLK-Oleo,Malaysia,COSMOCHEM,$6.63,SURIACHEM SDN BHD,$5.75,,KG,11475,66019.41748,76079.25,"($10,060)",-15,Loss,"($10,060)",6601.941748,7607.925,-1005.983252,-15,Loss,"($1,006)"
AT PD PRIORITY,SINGLE SOURCE,04/09/2024,111000175,1,LAB,CROSPOVIDONE BP,"Hangshan Bonsun Pharmaceutical Co., Ltd.",China,IRIS,$19.,Ashland Specialty Ingredients USA,$25.62,250,KG,1000,25620,19000,"$6,620",26,Saving,"$6,620",25620,19000,6620,26,Saving,"$6,620"
AT PD PRIORITY,ASCARD,02/12/2024,111000110,1,LAB,STEARIC ACID (MICRONIZED) USP/NF,Edenor Technology,Germany,COSMOCHEM,$9.,INTERMED SDN BHD. MALAYSIA.,$4.36,3000,KG,11000,47960,99000,"($51,040)",-106,Loss,"($51,040)",4796,9900,-5104,-106,Loss,"($5,104)"
AT PD PRIORITY,PROJECT,21/03/2025,111000240,1,LAB,NYSTATIN BP,Concord biotech,India,Rasheed sons,$235.,ANTIBIOTICE S.A.,$247.60,360,KG,1080,267408,253800,"$13,608",5,Saving,,267408,253800,13608,5,Saving,
AT PD PRIORITY,SINGLE SOURCE,21/04/2025,111000104,1,LAB,METHYLPARABEN USP/NF,Zhejiang Shengxiao Chamicals Co. Ltd.,China,Rasheed sons,$6.5,UENOFINE CHEM JAPAN,$7.55,400,KG,1600,12081.9849,10400,"$1,682",14,Saving,"$1,682",12081.9849,10400,1681.984898,14,Saving,"$1,682"
AT PD PRIORITY,SINGLE SOURCE,21/04/2025,111000027,1,LAB,PROPYLPARABEN USP/NF,Zheijinang Shengxiao Chamicals Co. Ltd.,China,Rasheed sons,$8.,UENOFINE CHEM JAPAN,$8.22,100,KG,500,4108.234448,4000,$108,3,Saving,$108,4108.234448,4000,108.234448,3,Saving,$108
AT PD PRIORITY,MERCK/SIGMA/CRODA/FISHER,01/08/2025,111000081,1,LAB,DISODIUM EDETATE BP,Kirsch Pharma,Germany,ITTEHAD,$58.87,"SIGMA ALDRICH, GERMANY",$26.41,100,KG,500,13205.68141,29435,"($16,229)",-123,Loss,,1320.568141,2943.5,-1622.931859,-123,Loss,"($1,623)"
AT PD PRIORITY,NON INDIAN,06/08/2025,111000288,1,LAB,TICAGRELOR,Pharma Resource,China,Pentalam Chemicals,$350.,KOPRAN RESEARCH LABORATO,$255.00,100,KG,205,52275,71750,"($19,475)",-37,Loss,,5227.5,7175,-1947.5,-37,Loss,
AT PD PRIORITY,NON INDIAN,02/09/2025,111000203,1,LAB,AMLODIPINE BESILATE USP,Zheijang Huahai pharmaceuticals,China,Pentalam Chemicals,$60.,AMSAL CHEM PRIVATE LIMITED.,$45.00,140,KG,365,16425,21900,"($5,475)",-33,Loss,"($5,475)",16425,21900,-5475,-33,Loss,"($5,475)"
AT PD PRIORITY,NON INDIAN,03/10/2025,111000288,1,LAB,TICAGRELOR,JIANGXI SYNERGY,China,IRIS,$380.,KOPRAN RESEARCH LABORATO,$255.00,100,KG,205,52275,77900,"($25,625)",-49,Loss,,5227.5,7790,-2562.5,-49,Loss,
AT PD PRIORITY,MERCK/SIGMA/CRODA/FISHER,08/10/2025,111000061,1,LAB,BUTYLATED HYDROXYTOLUENE BP,Jiangxi Alpha Hi Tech,China,ADCHEM,$100.,MERCK GERMANY.,$84.57,20,KG,238.5,20170.87379,23850,"($3,679)",-18,Loss,"($3,679)",20170.87379,23850,-3679.126214,-18,Loss,"($3,679)"
AT PD PRIORITY,CORE INDIAN,23/10/2025,111000320,1,LAB,DIACERIN BP,Reine Lifescience,India,SBS,$300.,CHORUS LABS LIMITED,$275.00,100,KG,100,27500,30000,"($2,500)",-9,Loss,,27500,30000,-2500,-9,Loss,
AT PD PRIORITY,CORE INDIAN,10/11/2025,111000320,1,LAB,DIACERIN BP,AMI,India,Morgan,$300.,CHORUS LABS LIMITED,$275.00,100,KG,100,27500,30000,"($2,500)",-9,Loss,"($2,500)",27500,30000,-2500,-9,Loss,"($2,500)"
AT PD PRIORITY,MERCK/SIGMA/CRODA/FISHER,12/11/2025,111000145,1,LAB,SODIUM BICARBONATE BP/USP,TATA,Europe,Rasheed sons,$65.9,"MERCK, GERMANY",$5.75,25,KG,125,719.1657677,8237.5,"($7,518)",-1045,Loss,,719.1657677,8237.5,-7518.334232,-1045,Loss,
AT PD PRIORITY,ASCARD,24/11/2025,111000086,1,LAB,Coatdry CPCC 850 Pink,ALLIED axiom chemical,Pakistan,ALLIED axiom chemical,$87.,"NEELIKON FOOD DYES & CHEMICAL, INDIA",$78.62,75,KG,275,21621.26933,23925,"($2,304)",-11,Loss,,21621.26933,23925,-2303.730672,-11,Loss,
AT PD PRIORITY,MERCK/SIGMA/CRODA/FISHER,25/11/2025,111000158,1,LAB,SODIUM DIHYDROGEN PHOSPHATE DIHYDRATE BP,HUNAN JIUDIAN HONGYANG,China,Morgan,$16.81,"MERCK, GERMANY",$13.29,100,KG,675,8970.873786,11346.75,"($2,376)",-26,Loss,"($2,376)",8970.873786,11346.75,-2375.876214,-26,Loss,"($2,376)"
AT PD PRIORITY,MERCK/SIGMA/CRODA/FISHER,10/12/2025,111000081,1,LAB,DISODIUM EDETATE BP,DR. PAUL LOHMANN,Germany,Rasheed sons,$37.5,"SIGMA ALDRICH, GERMANY",$26.41,100,KG,500,13205.68141,18750,"($5,544)",-42,Loss,"($5,544)",13205.68141,18750,-5544.31859,-42,Loss,
AT PD PRIORITY,MERCK/SIGMA/CRODA/FISHER,01/01/2026,114000082,1,AHL,BUTYLATED HYDROXYTOLUENE BP,Jiangxi Alpha Hi Tech,China,-,$100.,MERCK GERMANY.,$80.55,10,KG,10,805.4656598,1000,($195),-24,Loss,($195),805.4656598,1000,-194.5343402,-24,Loss,($195)
AT PD PRIORITY,MERCK/SIGMA/CRODA/FISHER,01/01/2026,114000092,1,AHL,DISODIUM EDETATE BP,Kirsch Pharma,Germany,-,$37.5,"SIGMA ALDRICH, GERMANY",$26.41,25,KG,25,660.2840705,937.5,($277),-42,Loss,($277),660.2840705,937.5,-277.2159295,-42,Loss,($277)
AT PD PRIORITY,MERCK/SIGMA/CRODA/FISHER,01/01/2026,114000092,1,AHL,DISODIUM EDETATE BP,DR. PAUL LOHMANN,Germany,-,$58.87,"SIGMA ALDRICH, GERMANY",$26.41,25,KG,25,660.2840705,1471.75,($811),-123,Loss,,660.2840705,1471.75,-811.4659295,-123,Loss,
AT PD PRIORITY,SINGLE SOURCE,01/01/2026,114000105,1,AHL,ISOPROPYL ALCOHOL BP,ICV Global Trade Fze,UAE,-,$1.59,LCY CHEMICAL (LEE CHANG YUNG TAIWAN),$1.51,640,KG,1280,1933.117584,2035.2,($102),-5,Loss,($102),1933.117584,2035.2,-102.0824164,-5,Loss,($102)
AT PD PRIORITY,SINGLE SOURCE,01/01/2026,114000105,1,AHL,ISOPROPYL ALCOHOL BP,LG CHEMICALS,Korea,-,$2.05,LCY CHEMICAL (LEE CHANG YUNG TAIWAN),$1.51,640,KG,1280,1933.117584,2624,($691),-36,Loss,,1933.117584,2624,-690.8824164,-36,Loss,
AT PD PRIORITY,SINGLE SOURCE,01/01/2026,114000040,1,AHL,MAGNESIUM STEARATE BP,Anhui Sunhere Pharma,China,-,$2.59,"PETER GREVEN, MALAYSIA",$5.93,20,KG,20,118.6623517,51.8,$67,56,Saving,$67,118.6623517,51.8,66.86235167,56,Saving,$67
AT PD PRIORITY,SINGLE SOURCE,01/01/2026,114000040,1,AHL,MAGNESIUM STEARATE BP,"HUZHOU CITY LINGHU XINWANG CHEMICAL CO., LTD",China,-,$3.09,"PETER GREVEN, MALAYSIA",$5.93,20,KG,20,118.6623517,61.8,$57,48,Saving,,118.6623517,61.8,56.86235167,48,Saving,
AT PD PRIORITY,SINGLE SOURCE,01/01/2026,114000040,1,AHL,MAGNESIUM STEARATE BP,DR. PAUL LOHMANN,Germany,-,$11.54,"PETER GREVEN, MALAYSIA",$5.93,20,KG,20,118.6623517,230.8,($112),-95,Loss,,118.6623517,230.8,-112.1376483,-95,Loss,
AT PD PRIORITY,SINGLE SOURCE,01/01/2026,114000003,1,AHL,MANNITOL BP,"Shandong Tianli Pharmaceuticals Co., Ltd",China,-,$2.98,QINGDAO BRIGHT MOON SEAWEED GROUP CO.,$2.80,1000,KG,1000,2800,2980,($180),-6,Loss,($180),2800,2980,-180,-6,Loss,($180)
AT PD PRIORITY,SINGLE SOURCE,01/01/2026,114000054,1,AHL,PROPYLPARABEN USP/NF,Zheijinang Shengxiao Chamicals Co. Ltd.,China,-,$8.,Ueno fine chemical industry limited,$6.83,25,KG,25,170.8018698,200,($29),-17,Loss,($29),170.8018698,200,-29.19813017,-17,Loss,($29)
AT PD PRIORITY,SINGLE SOURCE,01/01/2026,114000065,1,AHL,SODIUM CITRATE BP,MERCK,Germany,-,$178.947,RZBC IMP & EXP CORP,$0.82,25,KG,25,20.40632866,4473.675,"($4,453)",-21823,Loss,"($4,453)",20.40632866,4473.675,-4453.268671,-21823,Loss,"($4,453)"
AT PD PRIORITY,SINGLE SOURCE,21/01/2026,111000071,1,LAB,ANHYDROUS CITRIC ACID BP,"SEVEN STAR LEMON TECHNOLOGY CO.,LTD.",China,Morgan,$60.23,TTCA CO. LTD,$1.11,25,KG,75,83.6030205,4517.25,"($4,434)",-5303,Loss,"($4,434)",83.6030205,4517.25,-4433.64698,-5303,Loss,"($4,434)"
AT PD PRIORITY,ASCARD,21/01/2026,111000086,1,LAB,Natureza Beetroot Pink - WP (Natureza - 5011 WP),KOEL COLOR,India,Rasheed sons,$60.,"NEELIKON FOOD DYES & CHEMICAL, INDIA",$78.62,75,KG,275,21621.26933,16500,"$5,121",24,Saving,"$5,121",21621.26933,16500,5121.269328,24,Saving,"$5,121"
AT PD PRIORITY,SINGLE SOURCE,03/02/2026,111000358,1,LAB,IVERMECTIN USP,OM LAB,India,Morgan,"$2,175.",ZHEJIANG HISUN PHARMACEUTICAL CO. LTD.,"$1,050.00",33,KG,99,103950,215325,"($111,375)",-107,Loss,"($111,375)",10395,21532.5,-11137.5,-107,Loss,"($11,138)"
AT PD PRIORITY,SINGLE SOURCE,09/02/2026,111000040,1,LAB,SODIUM CITRATE BP,MERCK,Germany,MARTIN DOW,$178.947,REHMAN TRADERS,$0.81,1500,KG,12550,10153.72168,2245784.85,"($2,235,631)",-22018,Loss,"($2,235,631)",1015.372168,224578.485,-223563.1128,-22018,Loss,"($223,563)"
AT PD PRIORITY,PROJECT,16/02/2026,111000336,1,LAB,EFLORNITHINE HYDROCHLORIDE MONOHYDRATE M,AUMGEN PHARMA,India,SMART CHEM,$980.,MICRO ORGO CHEM,"$1,050.00",150,KG,250,262500,245000,"$17,500",7,Saving,"$17,500",262500,245000,17500,7,Saving,"$17,500"
AT PD PRIORITY,SINGLE SOURCE,17/02/2026,111000071,1,LAB,ANHYDROUS CITRIC ACID BP,Kirsch Pharma,Germany,ITTEHAD,$75.,TTCA CO. LTD,$1.11,25,KG,75,83.6030205,5625,"($5,541)",-6628,Loss,,83.6030205,5625,-5541.39698,-6628,Loss,
AT PD PRIORITY,MERCK/SIGMA/CRODA/FISHER,17/02/2026,111000167,1,LAB,BORIC ACID BP,Kirsch Pharma,Germany,ITTEHAD,$50.76,MERCK GERMANY.,$16.61,75,KG,125,2076.591154,6345,"($4,268)",-206,Loss,"($4,268)",2076.591154,6345,-4268.408846,-206,Loss,"($4,268)"
AT PD PRIORITY,NON INDIAN,17/02/2026,111000380,1,LAB,DIBASIC CALCIUM PHOSPHATE USP,Kirsch Pharma,Germany,ITTEHAD,$13.33,SUDEEP PHARMA,$25.00,50,KG,100,2500,1333,"$1,167",47,Saving,"$1,167",2500,1333,1167,47,Saving,"$1,167"
AT PD PRIORITY,MERCK/SIGMA/CRODA/FISHER,17/02/2026,111000145,1,LAB,SODIUM BICARBONATE BP/USP,Kirsch Pharma,Germany,ITTEHAD,$3.,"MERCK, GERMANY",$5.75,25,KG,125,719.1657677,375,$344,48,Saving,$344,719.1657677,375,344.1657677,48,Saving,$344
AT PD PRIORITY,MERCK/SIGMA/CRODA/FISHER,17/02/2026,111000158,1,LAB,SODIUM DIHYDROGEN PHOSPHATE DIHYDRATE BP,Kirsch Pharma,Germany,ITTEHAD,$16.81,"MERCK, GERMANY",$13.29,100,KG,675,8970.873786,11346.75,"($2,376)",-26,Loss,,8970.873786,11346.75,-2375.876214,-26,Loss,
AT PD PRIORITY,PROJECT,23/02/2026,111000354,1,LAB,GLYCERYL TRINITRATE(DILU. NITROGLYCERIN,Bharat Pharma,India,Rasheed sons,$16.25,CHIN CHEM,$15.50,5000,KG,24500,379750,398125,"($18,375)",-5,Loss,"($18,375)",37975,39812.5,-1837.5,-5,Loss,"($1,838)"
AT PD PRIORITY,PELLET / INDIAN,10/03/2026,111000326,1,LAB,ESOMEPRAZOLE ENTERIC COATED PELLETS 22.5,Vision Pharma,Pakistan,Vision Pharma,$35.793,ALPHAMED FORMULATION (PVT) LTD.,$38.00,400,KG,700,26600,25055.1,"$1,545",6,Saving,,26600,25055.1,1544.9,6,Saving,
AT PD PRIORITY,SINGLE SOURCE,14/04/2026,111000002,1,LAB,MICROCRYSTALLINE CELLULOSE (PH 101) BP,"Mingtai Chemical Co., Ltd.",Taiwan,Pentalam Chemicals,$2.55,RETTENMAIER NATURAL FIBE,$3.05,400,KG,400,1220,1020,$200,16,Saving,$200,1220,1020,200,16,Saving,$200
AT PD PRIORITY,SINGLE SOURCE,17/06/2026,111000443,1,LAB,DAPRODUSTAT MS,"Shandong Loncom Pharmaceutical Co.,Ltd",China,BIOFAR,"$1,100.",SHANDONG LUKANG SANYE PHARMACEUTICAL,"$4,100.00",2,KG,4,16400,4400,"$12,000",73,Saving,"$12,000",16400,4400,12000,73,Saving,"$12,000"
AT PD PRIORITY,SINGLE SOURCE,01/07/2026,111000237,1,LAB,MISOPROSTOL DISPERSION (1% W/W) USP,"Century Pharmaceuticals., India",India,Pentalam Chemicals,$500.,PIRAMAL HEALTHCARE UK LT,$830.00,20,KG,90,74700,45000,"$29,700",40,Saving,"$29,700",74700,45000,29700,40,Saving,"$29,700"
AT PD PRIORITY,SINGLE SOURCE,24/07/2026,121000027,1,LAB,ALU ALU Base Foil (Printed) 214 mm ±1mm,SHANGHAI ZIJIANG COLOR,China,Gudia Pvt Ltd,$5.,NANTONG HUIDESENG PACKAGING MATERIAL CO. LTD.,$5.20,,KG,91340,474968,456700,"$18,268",4,Saving,"$18,268",474968,456700,18268,4,Saving,"$18,268"
AT PD PRIORITY,SINGLE SOURCE,24/07/2026,111000012,1,LAB,MAIZE STARCH BP,MATCO,Pakistan,DIRECT,$0.92,"RAFHAN MAIZE PRODUCTS, PAKISTAN",$1.11,1725,KG,8325,9279.935275,7659,"$1,621",17,Saving,"$1,621",9279.935275,7659,1620.935275,17,Saving,"$1,621"
AT PD PRIORITY,PROJECT,01/07/2026,111000297,1,LAB,BACITRACIN BP,Gansu Haitian,China,Noshad trading,$450.,XELLIA PHARMACEUTICALS L,$500.00,100,KG,390,195000,175500,"$19,500",10,Saving,,195000,175500,19500,10,Saving,
UNDER ARRANGEMENT,SINGLE SOURCE,Germany,111000035,1,LAB,Salicylic Acid,Kirsch Pharma,Germany,Ittehad Chem,$14.1,SHANDONG XINHUA PHARMACEUTICAL CO.LTD.,$4.31,300,KG,1200,5177.993528,16920,"($11,742)",-227,Loss,"($11,742)",517.7993528,1692,-1174.200647,-227,Loss,"($1,174)"
UNDER ARRANGEMENT,NON INDIAN,India,111000050,1,LAB,SODIUM STEARYL FUMARATE,PANVO ORGANICS,India,Rasheedson,$52.,NITIKA PHARMACEUTICAL SPECIALITIES PVT. LTD.,$65.00,50,KG,50,3250,2600,$650,20,Saving,$650,3250,2600,650,20,Saving,$650
UNDER ARRANGEMENT,NON INDIAN,India,111000230,1,LAB,LINEZOLID USP,Optimus,India,IRIS,$62.,BENOVA LABS PVT. LTD.,$60.00,200,KG,725,43500,44950,"($1,450)",-3,Loss,"($1,450)",43500,44950,-1450,-3,Loss,"($1,450)"
UNDER ARRANGEMENT,SINGLE SOURCE,Taiwan,111000237,1,LAB,MISOPROSTOL DISPERSION (1% W/W) USP,CHIROGATE INT. TAIWAN,Taiwan,Rasheedson,$790.,PIRAMAL HEALTHCARE UK LT,$830.00,20,KG,90,74700,71100,"$3,600",5,Saving,,74700,71100,3600,5,Saving,
UNDER ARRANGEMENT,MERCK/SIGMA/CRODA/FISHER,Germany,111000429,1,LAB,Fumaric Acid,Kirsch Pharma,Germany,Ittehad Chem,$67.98,MERCK,$94.39,4,KG,14,1321.467098,951.72,$370,28,Saving,$370,1321.467098,951.72,369.7470982,28,Saving,$370
INITIAL TESTING,PROJECT,04/08/2026,111000218,2,LAB,KETOCONAZOLE BP,Cureworth,India,IRIS,$52.,AARTI DRUGS LIMITED,$56.00,3000,KG,4500,252000,234000,"$18,000",7,Saving,"$18,000",252000,234000,18000,7,Saving,"$18,000"
INITIAL TESTING,PROJECT,24/08/2026,111000402,2,LAB,ITRACONAZOLE PELLETS 22.2% W/W(MS),Sami,Pakistan,Sami,$89.4736842105263,"ALPHAMED FORMULATION, INDIA",$71.00,500,KG,1500,106500,134210.5263,"($27,711)",-26,Loss,,10650,13421.05263,-2771.052632,-26,Loss,
INITIAL TESTING,PROJECT,24/08/2026,111000402,2,LAB,ITRACONAZOLE PELLETS 22.2% W/W(MS),Vision Pharma,Pakistan,Vision Pharma,$73.68,"ALPHAMED FORMULATION, INDIA",$71.00,500,KG,1500,106500,110520,"($4,020)",-4,Loss,,106500,110520,-4020,-4,Loss,
AT STABILITY,PROJECT,23/12/2024,111000408,3,LAB,VORICONAZOLE(USP),Wuhan RS Pharmaceutical,China,Gudia Pvt Ltd,$600.,"Zhejiang Huahai Pharmaceuticals Co., Ltd",$605.00,50,KG,250,151250,150000,"$1,250",1,Saving,"$1,250",151250,150000,1250,1,Saving,"$1,250"
AT STABILITY,MULTI SOURCE,31/12/2024,111000003,2,LAB,MICROCRYSTALLINE CELLULOSE (PH 102) BP,Shandong Guangda Technological Development Co. Ltd.,China,IRIS,$2.6,JRS PHARMA,$2.80,8000,KG,24000,67200,62400,"$4,800",7,Saving,,67200,62400,4800,7,Saving,
AT STABILITY,CORE INDIAN,03/06/2025,111000031,3,LAB,POTASSIUM CHLORIDE (API) BP,"K+S \n(Non-Indian)",Germany,Liberty pharma,$2.48,India Phosphate,$1.95,3000,KG,11025,21498.75,27342,"($5,843)",-27,Loss,"($5,843)",21498.75,27342,-5843.25,-27,Loss,"($5,843)"
AT STABILITY,MULTI SOURCE,16/02/2026,111000011,2,LAB,MAGNESIUM STEARATE BP,Peter Greven,Malaysia,Mansoor chem,$4.8,"PETER GREVEN, MALAYSIA",$6.83,500,KG,2520,17216.82848,12096,"$5,121",30,Saving,,17216.82848,12096,5120.828479,30,Saving,
AT STABILITY,ASCARD,10/12/2025,111000141,2,LAB,PREGELATINIZED STARCH (LYCATAB C-TLM pregelatinized starch),ROQUETTE,France,Morgan,$7.88,Roquette,$6.00,1500,KG,18500,111000,145780,"($34,780)",-31,Loss,,11100,14578,-3478,-31,Loss,
AT STABILITY,PROJECT,09/02/2026,111000256,2,LAB,PERMETHRIN BP,Taaj,India,Oceanlink,$29.,AARIVA PHARMA PVT LTD,$25.50,4500,KG,14000,357000,406000,"($49,000)",-14,Loss,"($49,000)",35700,40600,-4900,-14,Loss,"($4,900)"
AT STABILITY,ASCARD,16/02/2026,111000141,2,LAB,Starch 1500 LM Partially Pregelatinized Maize Starch (Low Moisture) 2002,COLORCON,USA,Paradise,$7.,Roquette,$6.00,1500,KG,18500,111000,129500,"($18,500)",-17,Loss,,11100,12950,-1850,-17,Loss,
AT STABILITY,PROJECT,21/02/2025,111000099,2,LAB,ISOPROPYL ALCOHOL BP,ICV Global Trade Fze,UAE,Premium Chemical,$2.02,LCY CHEMICAL (LEE CHANG YUNG TAIWAN.),$1.78,10000,KG,77200,137133.4052,155944,"($18,811)",-14,Loss,"($18,811)",13713.34052,15594.4,-1881.059475,-14,Loss,"($1,881)"
AT STABILITY,ASCARD,25/09/2025,111000054,2,LAB,TITANIUM DIOXIDE BP,Jiangsu Hongyuan,China,Rasheed sons,$10.,KRONOS INTERNATIONAL,$19.78,500,KG,900,17799.35275,9000,"$8,799",49,Saving,"$8,799",17799.35275,9000,8799.352751,49,Saving,"$8,799"
AT STABILITY,CORE INDIAN,07/05/2025,111000394,2,LAB,TAPENTADOL HYDROCHLORIDE BP,Arene Life Science,India,SMART CHEM,$330.,AMI LIFESCIENCE PVT LTD,$780.00,25,KG,25,19500,8250,"$11,250",58,Saving,"$11,250",19500,8250,11250,58,Saving,"$11,250"
AT STABILITY,MULTI SOURCE,07/05/2025,111000412,2,LAB,ISOCONAZOLE NITRATE (MICRONIZED) BP,"JINGZHOU RUIDONG//MFG. Changzhou Jinsheng Pharmaceutical Factory \n(Non-Indian)",China,SMART CHEM,$90.,Gufic Bioscience Limited,$145.00,25,KG,25,3625,2250,"$1,375",38,Saving,"$1,375",3625,2250,1375,38,Saving,"$1,375"
AT STABILITY,PROJECT,24/06/2025,111000402,2,LAB,ITRACONAZOLE PELLETS 22.2% W/W(MS),"Saakh\n(Non-Indian)",Pakistan,Saakh,$63.16,"ALPHAMED FORMULATION, INDIA",$71.00,500,KG,1500,106500,94740,"$11,760",11,Saving,"$11,760",106500,94740,11760,11,Saving,"$11,760"
AT STABILITY,PROJECT,05/06/2025,111000282,3,LAB,TERBINAFINE HYDROCHLORIDE BP,Shandong Changhui,China,Wisdom Corporation,$50.,shandong boyuan pharmaceutical co ltd.,$55.00,900,KG,1775,97625,88750,"$8,875",9,Saving,"$8,875",97625,88750,8875,9,Saving,"$8,875"
AT PD PRIORITY,Single Origin,08/05/2024,111000339,2,LAB,EMPAGLIFLOZINE MS,Zheijang Huahai pharmaceuticals,China,Pentalam Chemicals,$182.456,"FUXIN LONG RUI PHARMACEUTICAL CO., LTD",$175.00,50,KG,100,17500,18245.6,($746),-4,Loss,,17500,18245.6,-745.6,-4,Loss,
AT PD PRIORITY,Single Origin,14/11/2024,111000417,2,LAB,LETROZOLE USP,"Wanyang Henghui Pharmacuetical Co., Ltd.",India,Mansoor chem,"$1,250.","Jiangsu Nhwa sede Pharmaceutical Co.,Ltd.","$1,425.00",2,KG,4,5700,5000,$700,12,Saving,$700,5700,5000,700,12,Saving,$700
AT PD PRIORITY,Single Origin,14/11/2024,111000111,2,LAB,SUCRALOSE,Unitech Chemical (Zibo) Limited,India,Noshad trading,$15.5,SHANDONG KANBO BIOCHEMICAL TECHNOLOGY CO LTD,$14.30,300,KG,1300,18590,20150,"($1,560)",-8,Loss,"($1,560)",18590,20150,-1560,-8,Loss,"($1,560)"
AT PD PRIORITY,MULTI SOURCE,22/11/2024,111000318,2,LAB,DORZOLAMIDE HYDROCHLORIDE USP,Alcon Biosciences PVT LTD,India,SBR,"$1,280.",CHEMVON BIOTECHNOLOGY,"$1,400.00",25,KG,50,70000,64000,"$6,000",9,Saving,"$6,000",70000,64000,6000,9,Saving,"$6,000"
AT PD PRIORITY,Single Origin,26/11/2024,111000202,2,LAB,AMINOPHYLLINE (ANHYDROUS) BP,Aarti Pharma Labs. Ltd,India,Rasheed sons,$11.5,HEBEI GUANGXIANG PHARMACEUTICAL,$9.00,400,KG,2800,25200,32200,"($7,000)",-28,Loss,"($7,000)",25200,32200,-7000,-28,Loss,"($7,000)"
AT PD PRIORITY,Single Origin,20/12/2024,111000393,3,LAB,DAPAGLIFLOZIN PROPANEDIOL MONOHYDRATE,"Zhejiang Huahai Pharmaceutical Co., Ltd.",China,Pentalam Chemicals,$220.,"FUXIN LONG RUI PHARMACEUTICAL CO., LTD",$230.00,10,KG,10,2300,2200,$100,4,Saving,$100,2300,2200,100,4,Saving,$100
AT PD PRIORITY,MULTI SOURCE,01/01/2025,111000413,2,LAB,DIFLUCORTOLONE VALERATE (MICRONIZED) BP,SHREEEJI Pharma International,China,Mansoor chem,"$8,200.",,,,KG,2.5,,20500,"($20,500)",0,,"($20,500)",,2050,-2050,0,,"($2,050)"
AT PD PRIORITY,MERCK/SIGMA/CRODA/FISHER,28/01/2025,111000127,2,LAB,MEGLUMINE,Zenji Pharmaceutical (Suzhou) Ltd.,China,Rasheed sons,$60.,MERCK Kgaa,$122.33,25,KG,50,6116.504854,3000,"$3,117",51,Saving,"$3,117",6116.504854,3000,3116.504854,51,Saving,"$3,117"
AT PD PRIORITY,MULTI SOURCE,28/01/2025,111000245,3,LAB,NEBIVILOL HCL BP,Zheijang Huahai pharmaceuticals,China,Pentalam Chemicals,$980.,CADILA PHARMACEUTICALS LTD,"$1,000.00",20,KG,100,100000,98000,"$2,000",2,Saving,"$2,000",100000,98000,2000,2,Saving,"$2,000"
AT PD PRIORITY,PROJECT,20/06/2025,111000305,4,LAB,CLOPIDOGREL BISULFATE USP,Salubris Pharmaceuticals,China,IRIS,$50.,SYNTHIMED LABS PRIVATE LIMITED,$45.00,1000,KG,1250,56250,62500,"($6,250)",-11,Loss,,56250,62500,-6250,-11,Loss,
AT PD PRIORITY,PROJECT,03/07/2025,111000316,2,LAB,DOXYCYCLINE HYCLATE BP,Hebei Dongfeng Pharma,China,Dawn Impex,$60.,KUNSHAN CHEMICAL (KUNSHAN ORIENTAL PHARMACEUTICAL),$45.50,5800,KG,5800,263900,348000,"($84,100)",-32,Loss,"($84,100)",26390,34800,-8410,-32,Loss,"($8,410)"
AT PD PRIORITY,PROJECT,22/10/2025,111000402,2,LAB,ITRACONAZOLE PELLETS 22.2% W/W(MS),Surge Lab,Pakistan,Surge Lab,$72.98,"ALPHAMED FORMULATION, INDIA",$71.00,500,KG,1500,106500,109470,"($2,970)",-3,Loss,,106500,109470,-2970,-3,Loss,
AT PD PRIORITY,MERCK/SIGMA/CRODA/FISHER,10/11/2025,111000197,3,LAB,GLYCINE BP,Evonik,China,Morgan,$10.85,MERCK,$68.32,10,KG,45,3074.433657,488.25,"$2,586",84,Saving,"$2,586",3074.433657,488.25,2586.183657,84,Saving,"$2,586"
AT PD PRIORITY,Single Origin,01/12/2025,111000339,2,LAB,EMPAGLIFLOZINE MS,Pharmagen,Pakistan,Pharmagen,$150.,"FUXIN LONG RUI PHARMACEUTICAL CO., LTD",$175.00,50,KG,100,17500,15000,"$2,500",14,Saving,"$2,500",17500,15000,2500,14,Saving,"$2,500"
AT PD PRIORITY,MULTI SOURCE,10/12/2025,111000011,2,LAB,MAGNESIUM STEARATE BP,DR. PAUL LOHMANN,Germany,Rasheed sons,$11.54,"PETER GREVEN, MALAYSIA",$6.83,500,KG,2520,17216.82848,29080.8,"($11,864)",-69,Loss,,1721.682848,2908.08,-1186.397152,-69,Loss,
AT PD PRIORITY,MERCK/SIGMA/CRODA/FISHER,01/01/2026,114000088,4,AHL,ANHYDROUS CITRIC ACID BP,"SEVEN STAR LEMON TECHNOLOGY CO.,LTD.",China,-,$60.23,TTCA CO. LTD,$0.86,50,KG,550,470.693995,33126.5,"($32,656)",-6938,Loss,"($32,656)",47.0693995,3312.65,-3265.580601,-6938,Loss,"($3,266)"
AT PD PRIORITY,MERCK/SIGMA/CRODA/FISHER,01/01/2026,114000088,4,AHL,ANHYDROUS CITRIC ACID BP,Kirsch Pharma,Germany,-,$75.,TTCA CO. LTD,$0.86,50,KG,550,470.693995,41250,"($40,779)",-8664,Loss,,47.0693995,4125,-4077.930601,-8664,Loss,
AT PD PRIORITY,MERCK/SIGMA/CRODA/FISHER,01/01/2026,114000085,3,AHL,CETOMACROGOL 1000 BP 98,Unitop Chemicals Pvt. Ltd.,India,-,$6.5,"CRODA CHEMICALS, SINGAPORE.",$10.79,750,KG,2140,23085.22114,13910,"$9,175",40,Saving,"$9,175",23085.22114,13910,9175.221143,40,Saving,"$9,175"
AT PD PRIORITY,MERCK/SIGMA/CRODA/FISHER,01/01/2026,114000086,3,AHL,CETOSTEARYL ALCOHOL BP,Edenor Technology,Malaysia,-,$2.913,"EMERY OLEOCHEMICALS (M) SDN BHD, MALAYSIA.",$3.24,1925,KG,1925,6229.773463,5607.525,$622,10,Saving,$622,6229.773463,5607.525,622.2484628,10,Saving,$622
AT PD PRIORITY,MERCK/SIGMA/CRODA/FISHER,01/01/2026,114000086,3,AHL,CETOSTEARYL ALCOHOL BP,Unitop chemicals Pvt Ltd,India,-,$2.95,"EMERY OLEOCHEMICALS (M) SDN BHD, MALAYSIA.",$3.24,1925,KG,1925,6229.773463,5678.75,$551,9,Saving,,6229.773463,5678.75,551.0234628,9,Saving,
AT PD PRIORITY,MULTI SOURCE,01/01/2026,114000132,4,AHL,D-CHIRO-INOSITOL,Hebei Yuwei Biotechnology Co Ltd,China,-,$160.,Hunan Nutramax Inc,$153.00,120,KG,510,78030,81600,"($3,570)",-5,Loss,"($3,570)",78030,81600,-3570,-5,Loss,"($3,570)"
AT PD PRIORITY,MERCK/SIGMA/CRODA/FISHER,01/01/2026,114000106,3,AHL,ISOPROPYL MYRISTATE BP,KLK-Oleo,Malaysia,-,$6.63,SURIACHEM SDN BHD,$5.75,700,KG,2625,15102.48112,17403.75,"($2,301)",-15,Loss,"($2,301)",15102.48112,17403.75,-2301.268878,-15,Loss,"($2,301)"
AT PD PRIORITY,Single Origin,01/01/2026,114000038,2,AHL,LIGHT LIQUID PARAFFIN BP,"PETROLEUM SPECIALITIES FZE,",UAE,-,$2.517,MICHANG,$2.52,1020,KG,5895,14838.1877,14837.715,$0,0,Saving,,14838.1877,14837.715,0.472702265,0,Saving,
AT PD PRIORITY,Single Origin,01/01/2026,114000038,2,AHL,LIGHT LIQUID PARAFFIN BP,TEXOL LUBRITECH FZC,UAE,-,$1.2,MICHANG,$2.52,1020,KG,5895,14838.1877,7074,"$7,764",52,Saving,"$7,764",14838.1877,7074,7764.187702,52,Saving,"$7,764"
AT PD PRIORITY,Single Origin,01/01/2026,114000038,2,AHL,LIGHT LIQUID PARAFFIN BP,"PETROLEUM SPECIALITIES FZE,",UAE,-,$2.62,MICHANG,$2.52,1020,KG,5895,14838.1877,15444.9,($607),-4,Loss,,14838.1877,15444.9,-606.7122977,-4,Loss,
AT PD PRIORITY,Single Origin,01/01/2026,114000042,2,AHL,MENTHOL BP,"SHANGHAI POLAR BEAR PHARMACEUTICAL CO., LTD",China,-,$20.6,"SHANGDONG XINHUA, CHINA.",$20.68,25,KG,75,1550.701187,1545,$6,0,Saving,$6,1550.701187,1545,5.701186624,0,Saving,$6
AT PD PRIORITY,Single Origin,01/01/2026,114000111,4,AHL,MYO-INOSITOL,HEBEI YUWEI BIOTEC,China,-,$3.1,Shaanxi Jiahe Phytochem,$6.75,2000,KG,4000,27000,12400,"$14,600",54,Saving,"$14,600",27000,12400,14600,54,Saving,"$14,600"
AT PD PRIORITY,MULTI SOURCE,01/01/2026,114000058,5,AHL,POTASSIUM CHLORIDE (API) BP,"K+S \n(Non-Indian)",Germany,-,$2.48,RASINO HERBS PVT. LTD,$3.42,500,KG,3500,11952.60698,8680,"$3,273",27,Saving,"$3,273",11952.60698,8680,3272.606976,27,Saving,"$3,273"
AT PD PRIORITY,Single Origin,01/01/2026,114000073,2,AHL,SUCRALOSE,Unitech Chemical (Zibo) Limited,India,-,$15.5,SHANDONG KANBO,$14.25,300,KG,300,4275,4650,($375),-9,Loss,,4275,4650,-375,-9,Loss,
AT PD PRIORITY,Single Origin,01/01/2026,114000073,2,AHL,SUCRALOSE,Techno (Fujian) Food Ingredients,China,-,$13.4,SHANDONG KANBO,$14.25,300,KG,300,4275,4020,$255,6,Saving,$255,4275,4020,255,6,Saving,$255
AT PD PRIORITY,COLOR,01/01/2026,114000090,2,AHL,SUNSET YELLOW FCF (CI 15985) MS,ALLIED AXIOM CHEMICAL (PVT) LIMITED,Pakistan,-,$62.1,"NEELIKON FOOD DYES & CHEMICAL, INDIA",$5.74,25,KG,25,143.3836749,1552.5,"($1,409)",-983,Loss,"($1,409)",143.3836749,1552.5,-1409.116325,-983,Loss,"($1,409)"
AT PD PRIORITY,COLOR,01/01/2026,114000077,2,AHL,TITANIUM DIOXIDE BP,Jiangsu Hongyuan,China,-,$10.,VENATOR MATERIALS CORPORATION / HUNTSMAN P&A GERMANY GMBH.,$8.95,25,KG,25,223.8403452,250,($26),-12,Loss,($26),223.8403452,250,-26.1596548,-12,Loss,($26)
AT PD PRIORITY,COLOR,01/01/2026,114000077,2,AHL,TITANIUM DIOXIDE BP,KRONOS,Korea,-,$29.82,VENATOR MATERIALS CORPORATION / HUNTSMAN P&A GERMANY GMBH.,$8.95,25,KG,25,223.8403452,745.5,($522),-233,Loss,,223.8403452,745.5,-521.6596548,-233,Loss,
AT PD PRIORITY,MULTI SOURCE,01/01/2026,114000051,4,AHL,WHITE SOFT PARAFFIN BP,RIVAL,Hong Kong,-,$2.9,ROSE POLYMER IRAN.,$2.16,10150,KG,20300,43797.19525,58870,"($15,073)",-34,Loss,,4379.719525,5887,-1507.280475,-34,Loss,
AT PD PRIORITY,MULTI SOURCE,01/01/2026,114000051,4,AHL,WHITE SOFT PARAFFIN BP,TEXOL,UAE,-,$1.46,ROSE POLYMER IRAN.,$2.16,10150,KG,20300,43797.19525,29638,"$14,159",32,Saving,"$14,159",43797.19525,29638,14159.19525,32,Saving,"$14,159"
AT PD PRIORITY,MULTI SOURCE,01/01/2026,114000051,4,AHL,WHITE SOFT PARAFFIN BP,APAR Industries Limited,India,-,$2.69,ROSE POLYMER IRAN.,$2.16,10150,KG,20300,43797.19525,54607,"($10,810)",-25,Loss,,4379.719525,5460.7,-1080.980475,-25,Loss,
AT PD PRIORITY,MULTI SOURCE,19/01/2026,111000011,2,LAB,MAGNESIUM STEARATE BP,"HUZHOU CITY LINGHU XINWANG CHEMICAL CO., LTD",China,Premium Chemical,$3.09,"PETER GREVEN, MALAYSIA",$6.83,500,KG,2520,17216.82848,7786.8,"$9,430",55,Saving,"$9,430",17216.82848,7786.8,9430.028479,55,Saving,"$9,430"
AT PD PRIORITY,PROJECT,21/01/2026,111000232,2,LAB,METOPROLOL TARTRATE USP,"WANYANG HENGSHUI PHARMACEUTICALS CO., LTD",China,Mansoor chem,$28.5,IPCA LABORATOREIS LTD,$29.50,500,KG,7100,209450,202350,"$7,100",3,Saving,"$7,100",209450,202350,7100,3,Saving,"$7,100"
AT PD PRIORITY,MULTI SOURCE,02/02/2026,111000042,2,LAB,LIQUID SORBITOL (NON-CRYSTALLISING) BP,"M/s. Zhaoqing Huanfa Biotechnology Co., Ltd.",China,Dawn Impex,$0.525,Habib Rice Products Ltd.,$0.81,8250,KG,58275,47148.05825,30594.375,"$16,554",35,Saving,"$16,554",47148.05825,30594.375,16553.68325,35,Saving,"$16,554"
AT PD PRIORITY,MERCK/SIGMA/CRODA/FISHER,17/02/2026,111000155,2,LAB,SULFUR BP (NATURAL),Kirsch Pharma,Germany,ITTEHAD,$6.63,MERCK GERMANY,$17.26,500,KG,3750,64724.91909,24862.5,"$39,862",62,Saving,"$39,862",64724.91909,24862.5,39862.41909,62,Saving,"$39,862"
AT PD PRIORITY,ASCARD,23/02/2026,111000054,2,LAB,TITANIUM DIOXIDE BP,KRONOS,Korea,Elite,$29.82,KRONOS INTERNATIONAL,$19.78,500,KG,900,17799.35275,26838,"($9,039)",-51,Loss,,17799.35275,26838,-9038.647249,-51,Loss,
AT PD PRIORITY,ASCARD,14/04/2026,111000004,2,LAB,CROSCARMELLOSE SODIUM BP,"Mingtai Chemical Co., Ltd.",Taiwan,Pentalam Chemicals,$8.85,JRS PHARMA & GUJARAT MICROWAX,$9.90,,KG,6000,59400,53100,"$6,300",11,Saving,"$6,300",59400,53100,6300,11,Saving,"$6,300"
AT PD PRIORITY,MULTI SOURCE,14/04/2026,111000003,2,LAB,MICROCRYSTALLINE CELLULOSE (PH 102) BP,"Mingtai Chemical Co., Ltd.",Taiwan,Pentalam Chemicals,$2.55,JRS PHARMA,$2.80,8000,KG,24000,67200,61200,"$6,000",9,Saving,"$6,000",67200,61200,6000,9,Saving,"$6,000"
AT PD PRIORITY,ASCARD,14/04/2026,111000215,4,LAB,MICROCRYSTALLINE CELLULOSE (PH 112) BP,IFF/Roquette,France,Morgan,$3.55,JRS PHARMA-Rettenmaier natural fiber (Changzhou),$3.70,9000,KG,51000,188700,181050,"$7,650",4,Saving,,188700,181050,7650,4,Saving,
AT PD PRIORITY,ASCARD,14/04/2026,111000215,4,LAB,MICROCRYSTALLINE CELLULOSE (PH 112) BP,"Mingtai Chemical Co., Ltd.",Taiwan,Pentalam Chemicals,$3.5,JRS PHARMA-Rettenmaier natural fiber (Changzhou),$3.70,9000,KG,51000,188700,178500,"$10,200",5,Saving,"$10,200",188700,178500,10200,5,Saving,"$10,200"
AT PD PRIORITY,ASCARD,30/04/2026,111000141,2,LAB,Pregelatinized Maie Starch LM,"S A Pharmachem India \nIndia",India,Dawn Impex,$4.5,Roquette,$6.00,1500,KG,18500,111000,83250,"$27,750",25,Saving,"$27,750",111000,83250,27750,25,Saving,"$27,750"
AT PD PRIORITY,MULTI SOURCE,17/06/2026,111000245,3,LAB,NEBIVILOL HCL BP,"Zhejiang Charioteer Pharmaceutical Co.,Ltd",China,IRIS,"$1,000.",CADILA PHARMACEUTICALS LTD,"$1,000.00",20,KG,100,100000,100000,$0,0,No Change,,100000,100000,0,0,No Change,
AT PD PRIORITY,ASCARD,30/06/2026,111000028,2,LAB,PROPYLENE GLYCOL BP,SK Picglobal/crimson,Korea,Transworld,$2.34,DOW CHEMICAL PACIFIC PVT LTD,$4.16,8200,KG,73285,304893.0061,171486.9,"$133,406",44,Saving,"$133,406",304893.0061,171486.9,133406.1061,44,Saving,"$133,406"
AT PD PRIORITY,NON INDIAN,01/07/2026,111000258,2,LAB,PREGABALIN BP,ZHEJIANG HUAHAI PHARMA.,China,Pentalam Chemicals,$40.,CTX LIFESCIENCES PVT. LTD,$40.00,300,KG,900,36000,36000,$0,0,No Change,$0,36000,36000,0,0,No Change,$0
AT PD PRIORITY,MERCK/SIGMA/CRODA/FISHER,09/07/2026,111000182,2,LAB,ANHYDROUS CALCIUM HYDROGEN PHOSPHATE,Sudeep,India,Rasheed sons,$4.85,MERCK Kgaa,$18.99,2100,KG,2900,55059.33118,14065,"$40,994",74,Saving,"$40,994",55059.33118,14065,40994.33118,74,Saving,"$40,994"
AT PD PRIORITY,MULTI SOURCE,24/07/2026,111000304,2,LAB,COPOVIDONE (PLASDONE-S630) BP,"Yuking Technolgies Co.,Ltd",China,BIOFAR,$14.,"STAR-TECH & JRS SPECIALTY PRODUCTS CO.,LTD",$18.50,1000,KG,6500,120250,91000,"$29,250",24,Saving,"$29,250",120250,91000,29250,24,Saving,"$29,250"
AT PD PRIORITY,NON INDIAN,24/07/2026,111000355,2,LAB,HYDROQUINONE (MICRONIZED) USP,APIONEX/GLOBAL PHARMA,India,SMART CHEM,$14.,SNA HEALTHCARE PVT. LTD.,$17.50,,KG,7000,122500,98000,"$24,500",20,Saving,"$24,500",122500,98000,24500,20,Saving,"$24,500"
AT PD PRIORITY,ASCARD,24/07/2026,111000141,2,LAB,Starch 1500 LM Partially Pregelatinized Maize Starch (Low Moisture) 2002,COLORCON,USA,Paradise,$7.,Roquette,$6.00,1500,KG,18500,111000,129500,"($18,500)",-17,Loss,,11100,12950,-1850,-17,Loss,
AT PD PRIORITY,Single Origin,03/08/2026,111000357,2,LAB,HYDROCORTISONE ACETATE BP,Zhejiang Xianju,China,Neon,$200.,TIANJIN JINJIN PHARMACEUTICALS,$205.00,50,KG,70,14350,14000,$350,2,Saving,$350,14350,14000,350,2,Saving,$350
UNDER ARRANGEMENT,PROJECT,China,111000112,2,LAB,Valsartan USP,Menovo,China,Gudia,$37.4,Zhejiang Tianyu Pharmaceutical CO. Ltd.,$54.00,550,KG,3675,198450,137445,"$61,005",31,Saving,"$61,005",198450,137445,61005,31,Saving,"$61,005"
UNDER ARRANGEMENT,MULTI SOURCE,China,111000208,3,LAB,Rosuvastatin Calcium BP,Menovo,China,Gudia,$163.,CTX Lifescience PVT LTD,$155.00,25,KG,72,11160,11736,($576),-5,Loss,($576),11160,11736,-576,-5,Loss,($576)
UNDER ARRANGEMENT,PROJECT,China,111000305,4,LAB,CLOPIDOGREL BISULFATE USP,Menovo,China,Gudia,$40.,SYNTHIMED LABS PRIVATE LIMITED,$45.00,1000,KG,1250,56250,50000,"$6,250",11,Saving,"$6,250",56250,50000,6250,11,Saving,"$6,250"
UNDER ARRANGEMENT,CORE INDIAN,India,111000311,2,LAB,DEXTROMETHORPHAN HYDROBROMIDE BP,Onerio,India,IRIS,$86.,WOCKHARDT LIMITED,$83.00,825,KG,825,68475,70950,"($2,475)",-4,Loss,"($2,475)",68475,70950,-2475,-4,Loss,"($2,475)"
INITIAL TESTING,Single Origin,03/08/2026,111000118,2,LAB,HYDROCORTISONE BP,Zhejiang Xianju,China,Neon,$0.19,"LIJIANG YINGHUA BIOCHEMICAL AND PHARMACEUTICAL CO., LTD.",$0.20,30000,G,120000,23400,22800,$600,3,Saving,$600,23400,22800,600,3,Saving,$600
INITIAL TESTING,MULTI SOURCE,03/08/2026,111000301,2,LAB,CLOBETASOL PROPIONATE USP,Zhejiang Xianju,China,Neon,$0.755,ANUH PHARMA,$0.76,30000,G,135000,101925,101925,$0,0,No Change,,101925,101925,0,0,No Change,
INITIAL TESTING,SINGLE SOURCE,24/08/2026,111000448,1,LAB,Neocel (AVICEL RC-591),"Mingtai Chemical, Taiwan",Taiwan,Pentalam,$10.,,,,,,,,,,,,,,,,,
AT STABILITY,NON INDIAN,23/07/2024,111000359,1,LAB,IPRATROPIUM BROMIDE BP,"Risen Sun pharma (JEWIM PHARMACEUTICAL(SHANDONG) CO.,LTD)",India,BIOFAR,$2.4,AARTI PHARMALABS LIMITED,$2.90,3125,G,6000,17400,14400,"$3,000",17,Saving,"$3,000",17400,14400,3000,17,Saving,"$3,000"
AT STABILITY,SINGLE SOURCE,24/06/2025,111000134,1,LAB,PHENYLETHYL ALCOHOL USP/NF,Kemicas Chemcals,Pakistan,Kemicas Chemcals,$28.,PERFUME SUPPLY COMPANY.,$11.88,400,L,3200,38017.97914,89600,"($51,582)",-136,Loss,"($51,582)",3801.797914,8960,-5158.202086,-136,Loss,"($5,158)"
AT STABILITY,CORE INDIAN,25/11/2025,111000210,2,LAB,ADAPALENE BP,Aarti Pharma Labs. Ltd,India,Rasheed sons,$2.7,VIRDEV INTERMEDIATES PVT. LTD,$2.25,5000,G,33000,74250,89100,"($14,850)",-20,Loss,"($14,850)",7425,8910,-1485,-20,Loss,"($1,485)"
AT STABILITY,CORE INDIAN,05/08/2025,111000252,1,LAB,PHENYLEPHRINE HYDROCHLORIDE USP,"SHENZHEN ORIENTAL\n(Non-Indian)",China,Rasheed sons,$0.51,DIVI'S LABORATORIES,$0.90,3000,G,5000,4500,2550,"$1,950",43,Saving,"$1,950",4500,2550,1950,43,Saving,"$1,950"
AT PD PRIORITY,PROJECT,10/09/2024,111000296,3,LAB,BETAMETHASONE DIPROPIONATE MICRONIZED BP,"Henan Lihua Pharmaceutical Co., Ltd.",China,SBR,$0.72,Anuh Pharma Ltd,$0.70,25000,G,200000,140000,144000,"($4,000)",-3,Loss,"($4,000)",140000,144000,-4000,-3,Loss,"($4,000)"
AT PD PRIORITY,MULTI SOURCE,10/09/2024,111000291,2,LAB,BETAMETHASONE SODIUM PHOSPHATE BP,"Henan Lihua Pharmaceutical Co., Ltd.",China,SBR,$0.72,ANUH PHARMA,$0.67,30000,G,65000,43225,46800,"($3,575)",-8,Loss,"($3,575)",43225,46800,-3575,-8,Loss,"($3,575)"
AT PD PRIORITY,MULTI SOURCE,10/09/2024,111000292,2,LAB,BETAMETHASONE VALERATE (MICRONIZED) BP,"Henan Lihua Pharmaceutical Co., Ltd.",China,SBR,$0.72,"ZHEJIANG XIANJU PHARMACEUICAL CO.,LTD",$0.68,50000,G,150000,102000,108000,"($6,000)",-6,Loss,"($6,000)",102000,108000,-6000,-6,Loss,"($6,000)"
AT PD PRIORITY,MULTI SOURCE,10/09/2024,111000301,2,LAB,CLOBETASOL PROPIONATE USP,"Henan Lihua Pharm.Co.,Ltd.",China,SBR,$0.68,ANUH PHARMA,$0.76,30000,G,135000,101925,91800,"$10,125",10,Saving,"$10,125",101925,91800,10125,10,Saving,"$10,125"
AT PD PRIORITY,MULTI SOURCE,10/09/2024,111000344,2,LAB,FLUOCINOLONE ACETONIDE USP,"Henan Lihua Pharmaceutical Co., Ltd.",China,SBR,$0.72,TIANJIN TIANYAO PHARMACEUTICALS (TIANJIN TAINFA PHARMACEUTICALS IMP. & EXP. CORP,$5.10,8000,G,26000,132600,18720,"$113,880",86,Saving,"$113,880",132600,18720,113880,86,Saving,"$113,880"
AT PD PRIORITY,SINGLE SOURCE,01/10/2024,111000353,1,LAB,GRAMICIDIN USP,CHONGQING DAXIN/HUIDA BITECH,China,Noshad trading,$18.,XELLIA PHARMACEUTICALS LTD.,$22.17,1000,G,1000,22170,18000,"$4,170",19,Saving,"$4,170",22170,18000,4170,19,Saving,"$4,170"
AT PD PRIORITY,MULTI SOURCE,15/11/2024,111000301,2,LAB,CLOBETASOL PROPIONATE USP,Stermone Chemicals Private Limited,India,Transworld,$0.68,ANUH PHARMA,$0.76,30000,G,135000,101925,91800,"$10,125",10,Saving,,101925,91800,10125,10,Saving,
AT PD PRIORITY,MULTI SOURCE,18/11/2024,111000298,2,LAB,BRIMONIDINE TARTRATE BP,Enaltec Labs Priivate Limited,India,BIOFAR,$5.75,INDOCO REMEDIES LTD,$6.50,2000,G,3000,19500,17250,"$2,250",12,Saving,"$2,250",19500,17250,2250,12,Saving,"$2,250"
AT PD PRIORITY,MULTI SOURCE,22/11/2024,111000244,2,LAB,NEPAFENAC MS,Jiangsu Yongan Pharmaceutical,China,Rasheed sons,$6.5,Henan Purui Pharmaceutical Co. Ltd.,$7.00,500,G,1500,10500,9750,$750,7,Saving,$750,10500,9750,750,7,Saving,$750
AT PD PRIORITY,NON INDIAN,21/03/2025,111000359,1,LAB,IPRATROPIUM BROMIDE BP,SAURAV CHEMICALS – India to SCL Lifesciences Ltd,India,Mansoor chem,$2.7,AARTI PHARMALABS LIMITED,$2.90,3125,G,6000,17400,16200,"$1,200",7,Saving,,17400,16200,1200,7,Saving,
AT PD PRIORITY,SINGLE SOURCE,08/10/2025,111000060,1,LAB,BUTYLATED HYDROXYANISOLE BP,Jiangxi Alpha Hi Tech,China,ADCHEM,$0.43,DALIAN PANASIA LTD,$0.02,20000,G,20000,359.5828839,8600,"($8,240)",-2292,Loss,"($8,240)",359.5828839,8600,-8240.417116,-2292,Loss,"($8,240)"
AT PD PRIORITY,SINGLE SOURCE,01/01/2026,114000022,1,AHL,CHOLECALCIFEROL(VIT.D3) USP,Jiangxi Tianxin Pharmaceutical Co. Ltd,China,-,$2.29,,,,,,,,,,,,,,,,,
AT PD PRIORITY,SINGLE SOURCE,01/01/2026,114000043,1,AHL,METHYLPARABEN USP/NF,Zhejiang Shengxiao Chamicals Co. Ltd.,China,-,$6.5,,,,,,,,,,,,,,,,,
AT PD PRIORITY,MULTI SOURCE,01/01/2026,114000033,4,AHL,MICROCRYSTALLINE CELLULOSE (PH 102) BP,Shandong Guangda Technological Development Co. Ltd.,China,-,$2.6,,,,,,,,,,,,,,,,,
AT PD PRIORITY,MULTI SOURCE,01/01/2026,114000033,4,AHL,MICROCRYSTALLINE CELLULOSE (PH 102) BP,"Mingtai Chemical Co., Ltd.",Taiwan,-,$2.55,,,,,,,,,,,,,,,,,
AT PD PRIORITY,NON INDIAN,01/01/2026,114000189,1,AHL,SHEFFCOAT PVA WHITE 5Y01440,"KERRY , BRAZIL",BRAZIL,-,$35.,,,,,,,,,,,,,,,,,
AT PD PRIORITY,MULTI SOURCE,01/01/2026,114000071,5,AHL,SODIUM LAURYL ETHER SULPHATE BP,KL-KEPONG OLEOMAS SDN BHD,Malaysia,-,$2.,,,,,,,,,,,,,,,,,
AT PD PRIORITY,Single Origin,01/01/2026,114000070,2,AHL,STEARIC ACID (MICRONIZED) USP/NF,Edenor Technology,Germany,-,$9.,,,,,,,,,,,,,,,,,
AT PD PRIORITY,SINGLE SOURCE,01/01/2026,114000069,1,AHL,SUCROSE BP,Al Khaleej Sugar,UAE,-,$1.47,,,,,,,,,,,,,,,,,
AT PD PRIORITY,SINGLE SOURCE,01/01/2026,114000191,1,AHL,SUNSET YELLOW FCF LAKE (CI 15985:1) MS,ALLIED AXIOM CHEMICAL (PVT) LIMITED,Pakistan,-,$43.4,,,,,,,,,,,,,,,,,
AT PD PRIORITY,MULTI SOURCE,01/01/2026,114000083,2,AHL,ZINC SULFATE MONOHYDRATE USP,ALCON BIOSCIENCE LTD,India,-,$6.9,,,,,,,,,,,,,,,,,
AT PD PRIORITY,MULTI SOURCE,16/02/2026,111000253,2,LAB,POLYMYXIN B SULPHATE BP,NORTH CHINA PHARMA,China,SBR,$1.65,TAIZHOU BONA CHEMICAL CO,$1.35,10000,G,40000,54000,66000,"($12,000)",-22,Loss,"($12,000)",5400,6600,-1200,-22,Loss,"($1,200)"
AT PD PRIORITY,CORE INDIAN,23/02/2026,111000283,1,LAB,TIMOLOL MALEATE USP,Gangwal Helathcare,India,Dawn Impex,$0.38,Precise Biopharma Pvt. Ltd.,$0.43,25000,G,31000,13330,11780,"$1,550",12,Saving,"$1,550",13330,11780,1550,12,Saving,"$1,550"
AT PD PRIORITY,MULTI SOURCE,24/07/2026,111000335,2,LAB,EGC SIZE 0,LIVEWELL,Pakistan,Livewell,$0.156,Suzhou Capsugel Ltd.,$0.21,11000,HND,22000,4510,3432,"$1,078",24,Saving,"$1,078",4510,3432,1078,24,Saving,"$1,078"
AT PD PRIORITY,SINGLE SOURCE,24/07/2026,111000450,1,LAB,EGC SIZE 1,LIVEWELL,Pakistan,Livewell,$0.16,PHARMNOVA PVT LTD,$0.32,5000,HND,5000,1618.122977,800,$818,51,Saving,$818,1618.122977,800,818.1229773,51,Saving,$818
AT PD PRIORITY,MULTI SOURCE,24/07/2026,111000084,3,LAB,EGC SIZE 2,LIVEWELL,Pakistan,Livewell,$0.156,PHARMNOVA PVT LTD,$0.32,556000,HND,556000,179935.2751,86736,"$93,199",52,Saving,"$93,199",179935.2751,86736,93199.27508,52,Saving,"$93,199"
AT PD PRIORITY,MULTI SOURCE,24/07/2026,111000331,3,LAB,EGC SIZE 3,LIVEWELL,Pakistan,Livewell,$0.156,PHARMNOVA PVT LTD,$0.32,30000,HND,41250,13349.51456,6435,"$6,915",52,Saving,"$6,915",13349.51456,6435,6914.514563,52,Saving,"$6,915"
AT PD PRIORITY,Single Origin,03/08/2026,111000319,2,LAB,DEXAMETHASONE SODIUM PHOSPHATE USP,Zhejiang Xianju,China,Neon,$0.8,XIAN GUOKANG RUIJIN PHARMACEUTICAL CO. LTD,$0.85,2000,G,7000,5950,5600,$350,6,Saving,$350,5950,5600,350,6,Saving,$350
